member_id,age_band,primary_facility,measurement_year
M00010,30-44,FAC-SOUTH,2024
M00014,75+,FAC-WEST,2024
M00017,75+,FAC-WEST,2024
M00020,75+,FAC-NORTH,2024
M00028,60-74,FAC-EAST,2024
M00033,75+,FAC-EAST,2024
M00035,45-59,FAC-NORTH,2024
M00036,45-59,FAC-NORTH,2024
M00045,75+,FAC-CENTRAL,2024
M00051,45-59,FAC-WEST,2024
M00057,45-59,FAC-EAST,2024
M00058,45-59,FAC-CENTRAL,2024
M00066,60-74,FAC-EAST,2024
M00068,75+,FAC-SOUTH,2024
M00081,45-59,FAC-WEST,2024
M00083,60-74,FAC-NORTH,2024
M00085,60-74,FAC-EAST,2024
M00094,30-44,FAC-WEST,2024
M00107,60-74,FAC-WEST,2024
M00117,18-29,FAC-CENTRAL,2024
M00136,75+,FAC-WEST,2024
M00148,60-74,FAC-NORTH,2024
M00155,45-59,FAC-NORTH,2024
M00161,30-44,FAC-EAST,2024
M00166,45-59,FAC-SOUTH,2024
M00175,45-59,FAC-EAST,2024
M00176,75+,FAC-CENTRAL,2024
M00187,45-59,FAC-WEST,2024
M00194,75+,FAC-NORTH,2024
M00198,60-74,FAC-CENTRAL,2024
M00201,75+,FAC-WEST,2024
M00203,75+,FAC-EAST,2024
M00205,60-74,FAC-WEST,2024
M00215,75+,FAC-SOUTH,2024
M00216,75+,FAC-WEST,2024
M00217,45-59,FAC-EAST,2024
M00220,45-59,FAC-WEST,2024
M00221,60-74,FAC-NORTH,2024
M00222,75+,FAC-CENTRAL,2024
M00242,60-74,FAC-SOUTH,2024
M00248,75+,FAC-NORTH,2024
M00254,75+,FAC-EAST,2024
M00256,45-59,FAC-EAST,2024
M00257,60-74,FAC-SOUTH,2024
M00264,60-74,FAC-CENTRAL,2024
M00268,60-74,FAC-CENTRAL,2024
M00288,75+,FAC-SOUTH,2024
M00300,60-74,FAC-WEST,2024
M00309,75+,FAC-WEST,2024
M00313,60-74,FAC-EAST,2024
M00323,60-74,FAC-WEST,2024
M00328,18-29,FAC-SOUTH,2024
M00336,45-59,FAC-EAST,2024
M00338,60-74,FAC-EAST,2024
M00343,60-74,FAC-SOUTH,2024
M00356,60-74,FAC-EAST,2024
M00360,45-59,FAC-SOUTH,2024
M00362,75+,FAC-EAST,2024
M00363,75+,FAC-CENTRAL,2024
M00373,45-59,FAC-WEST,2024
M00374,30-44,FAC-WEST,2024
M00380,45-59,FAC-NORTH,2024
M00382,18-29,FAC-CENTRAL,2024
M00388,75+,FAC-CENTRAL,2024
M00392,60-74,FAC-WEST,2024
M00397,60-74,FAC-CENTRAL,2024
M00410,45-59,FAC-EAST,2024
M00423,75+,FAC-NORTH,2024
M00434,75+,FAC-CENTRAL,2024
M00435,75+,FAC-CENTRAL,2024
M00442,18-29,FAC-WEST,2024
M00446,60-74,FAC-CENTRAL,2024
M00454,45-59,FAC-NORTH,2024
M00460,45-59,FAC-CENTRAL,2024
M00464,75+,FAC-SOUTH,2024
M00476,45-59,FAC-SOUTH,2024
M00479,60-74,FAC-CENTRAL,2024
M00481,18-29,FAC-NORTH,2024
M00484,75+,FAC-CENTRAL,2024
M00492,18-29,FAC-SOUTH,2024
M00496,30-44,FAC-SOUTH,2024
M00501,60-74,FAC-EAST,2024
M00506,45-59,FAC-NORTH,2024
M00510,60-74,FAC-WEST,2024
M00512,60-74,FAC-EAST,2024
M00513,75+,FAC-WEST,2024
M00516,75+,FAC-NORTH,2024
M00524,75+,FAC-EAST,2024
M00526,45-59,FAC-WEST,2024
M00532,60-74,FAC-EAST,2024
M00538,60-74,FAC-WEST,2024
M00539,18-29,FAC-NORTH,2024
M00540,60-74,FAC-SOUTH,2024
M00543,60-74,FAC-CENTRAL,2024
M00552,60-74,FAC-WEST,2024
M00554,75+,FAC-EAST,2024
M00562,75+,FAC-WEST,2024
M00573,60-74,FAC-NORTH,2024
M00580,75+,FAC-SOUTH,2024
M00583,60-74,FAC-SOUTH,2024
M00588,30-44,FAC-WEST,2024
M00591,75+,FAC-SOUTH,2024
M00593,60-74,FAC-NORTH,2024
M00602,75+,FAC-NORTH,2024
M00603,45-59,FAC-NORTH,2024
M00618,45-59,FAC-NORTH,2024
M00628,75+,FAC-WEST,2024
M00643,45-59,FAC-SOUTH,2024
M00644,60-74,FAC-EAST,2024
M00651,18-29,FAC-CENTRAL,2024
M00652,60-74,FAC-WEST,2024
M00654,75+,FAC-CENTRAL,2024
M00660,60-74,FAC-EAST,2024
M00661,18-29,FAC-WEST,2024
M00662,45-59,FAC-SOUTH,2024
M00664,60-74,FAC-CENTRAL,2024
M00665,60-74,FAC-EAST,2024
M00667,30-44,FAC-NORTH,2024
M00677,60-74,FAC-CENTRAL,2024
M00693,75+,FAC-EAST,2024
M00695,30-44,FAC-SOUTH,2024
M00698,75+,FAC-WEST,2024
M00699,30-44,FAC-WEST,2024
M00705,75+,FAC-NORTH,2024
M00707,30-44,FAC-NORTH,2024
M00709,45-59,FAC-CENTRAL,2024
M00724,75+,FAC-SOUTH,2024
M00725,18-29,FAC-NORTH,2024
M00727,30-44,FAC-EAST,2024
M00732,60-74,FAC-NORTH,2024
M00738,45-59,FAC-NORTH,2024
M00740,45-59,FAC-SOUTH,2024
M00747,60-74,FAC-EAST,2024
M00759,60-74,FAC-SOUTH,2024
M00761,18-29,FAC-SOUTH,2024
M00762,60-74,FAC-WEST,2024
M00772,75+,FAC-NORTH,2024
M00773,60-74,FAC-CENTRAL,2024
M00777,60-74,FAC-CENTRAL,2024
M00782,75+,FAC-SOUTH,2024
M00787,60-74,FAC-WEST,2024
M00793,60-74,FAC-EAST,2024
M00799,75+,FAC-WEST,2024
M00808,60-74,FAC-SOUTH,2024
M00813,30-44,FAC-CENTRAL,2024
M00826,75+,FAC-SOUTH,2024
M00845,75+,FAC-EAST,2024
M00855,18-29,FAC-EAST,2024
M00857,60-74,FAC-NORTH,2024
M00858,18-29,FAC-NORTH,2024
M00863,75+,FAC-NORTH,2024
M00870,60-74,FAC-SOUTH,2024
M00871,45-59,FAC-SOUTH,2024
M00875,45-59,FAC-EAST,2024
M00877,75+,FAC-CENTRAL,2024
M00880,60-74,FAC-NORTH,2024
M00884,60-74,FAC-SOUTH,2024
M00886,75+,FAC-WEST,2024
M00895,45-59,FAC-EAST,2024
M00897,75+,FAC-SOUTH,2024
M00898,18-29,FAC-CENTRAL,2024
M00901,75+,FAC-EAST,2024
M00906,60-74,FAC-NORTH,2024
M00915,45-59,FAC-NORTH,2024
M00917,60-74,FAC-WEST,2024
M00931,30-44,FAC-SOUTH,2024
M00936,60-74,FAC-SOUTH,2024
M00963,60-74,FAC-SOUTH,2024
M00977,60-74,FAC-NORTH,2024
M00980,75+,FAC-WEST,2024
M00994,60-74,FAC-WEST,2024
M00995,45-59,FAC-SOUTH,2024
M00999,30-44,FAC-NORTH,2024
M01005,75+,FAC-EAST,2024
M01016,60-74,FAC-EAST,2024
M01017,75+,FAC-SOUTH,2024
M01023,75+,FAC-SOUTH,2024
M01045,75+,FAC-CENTRAL,2024
M01052,45-59,FAC-WEST,2024
M01058,45-59,FAC-CENTRAL,2024
M01070,30-44,FAC-SOUTH,2024
M01074,75+,FAC-SOUTH,2024
M01099,18-29,FAC-WEST,2024
M01122,30-44,FAC-EAST,2024
M01126,75+,FAC-WEST,2024
M01127,60-74,FAC-CENTRAL,2024
M01131,60-74,FAC-WEST,2024
M01135,60-74,FAC-WEST,2024
M01157,45-59,FAC-SOUTH,2024
M01158,75+,FAC-EAST,2024
M01160,75+,FAC-WEST,2024
M01168,75+,FAC-SOUTH,2024
M01169,45-59,FAC-CENTRAL,2024
M01173,18-29,FAC-NORTH,2024
M01174,60-74,FAC-WEST,2024
M01180,75+,FAC-WEST,2024
M01185,45-59,FAC-WEST,2024
M01197,30-44,FAC-CENTRAL,2024
M01198,30-44,FAC-CENTRAL,2024
M01206,60-74,FAC-WEST,2024
M01207,60-74,FAC-CENTRAL,2024
M01209,60-74,FAC-WEST,2024
M01212,75+,FAC-CENTRAL,2024
M01213,75+,FAC-CENTRAL,2024
M01219,75+,FAC-WEST,2024
M01221,45-59,FAC-CENTRAL,2024
M01222,45-59,FAC-EAST,2024
M01225,45-59,FAC-CENTRAL,2024
M01229,45-59,FAC-WEST,2024
M01248,30-44,FAC-SOUTH,2024
M01251,30-44,FAC-CENTRAL,2024
M01254,60-74,FAC-WEST,2024
M01258,45-59,FAC-NORTH,2024
M01259,75+,FAC-WEST,2024
M01264,75+,FAC-CENTRAL,2024
M01266,18-29,FAC-NORTH,2024
M01271,30-44,FAC-EAST,2024
M01272,75+,FAC-CENTRAL,2024
M01278,60-74,FAC-SOUTH,2024
M01286,60-74,FAC-SOUTH,2024
M01288,75+,FAC-SOUTH,2024
M01290,75+,FAC-NORTH,2024
M01291,60-74,FAC-EAST,2024
M01292,75+,FAC-NORTH,2024
M01296,45-59,FAC-WEST,2024
M01297,60-74,FAC-CENTRAL,2024
M01300,60-74,FAC-SOUTH,2024
M01302,75+,FAC-EAST,2024
M01303,45-59,FAC-CENTRAL,2024
M01304,75+,FAC-CENTRAL,2024
M01311,60-74,FAC-EAST,2024
M01320,60-74,FAC-CENTRAL,2024
M01322,45-59,FAC-WEST,2024
M01324,45-59,FAC-EAST,2024
M01328,75+,FAC-SOUTH,2024
M01333,30-44,FAC-SOUTH,2024
M01339,75+,FAC-SOUTH,2024
M01342,45-59,FAC-WEST,2024
M01343,75+,FAC-NORTH,2024
M01353,75+,FAC-EAST,2024
M01354,60-74,FAC-WEST,2024
M01355,60-74,FAC-EAST,2024
M01358,60-74,FAC-CENTRAL,2024
M01367,45-59,FAC-SOUTH,2024
M01372,75+,FAC-SOUTH,2024
M01379,60-74,FAC-SOUTH,2024
M01387,30-44,FAC-WEST,2024
M01390,45-59,FAC-NORTH,2024
M01394,75+,FAC-CENTRAL,2024
M01399,60-74,FAC-SOUTH,2024
M01423,75+,FAC-WEST,2024
M01427,45-59,FAC-CENTRAL,2024
M01429,60-74,FAC-EAST,2024
M01430,60-74,FAC-SOUTH,2024
M01451,45-59,FAC-CENTRAL,2024
M01452,60-74,FAC-SOUTH,2024
M01455,45-59,FAC-EAST,2024
M01463,45-59,FAC-SOUTH,2024
M01476,45-59,FAC-WEST,2024
M01477,75+,FAC-NORTH,2024
M01478,75+,FAC-WEST,2024
M01494,75+,FAC-SOUTH,2024
M01495,60-74,FAC-WEST,2024
M01496,45-59,FAC-NORTH,2024
M01501,75+,FAC-CENTRAL,2024
M01507,30-44,FAC-SOUTH,2024
M01508,75+,FAC-WEST,2024
M01509,30-44,FAC-EAST,2024
M01510,75+,FAC-SOUTH,2024
M01511,60-74,FAC-EAST,2024
M01526,60-74,FAC-EAST,2024
M01546,60-74,FAC-SOUTH,2024
M01549,75+,FAC-WEST,2024
M01550,75+,FAC-SOUTH,2024
M01553,60-74,FAC-WEST,2024
M01559,60-74,FAC-SOUTH,2024
M01567,30-44,FAC-NORTH,2024
M01572,30-44,FAC-NORTH,2024
M01586,45-59,FAC-EAST,2024
M01593,60-74,FAC-NORTH,2024
M01599,75+,FAC-EAST,2024
M01602,45-59,FAC-CENTRAL,2024
M01611,45-59,FAC-SOUTH,2024
M01630,60-74,FAC-CENTRAL,2024
M01633,60-74,FAC-SOUTH,2024
M01636,18-29,FAC-SOUTH,2024
M01643,30-44,FAC-WEST,2024
M01645,75+,FAC-CENTRAL,2024
M01653,18-29,FAC-WEST,2024
M01659,75+,FAC-WEST,2024
M01665,30-44,FAC-CENTRAL,2024
M01666,75+,FAC-WEST,2024
M01675,45-59,FAC-SOUTH,2024
M01679,18-29,FAC-WEST,2024
M01681,18-29,FAC-WEST,2024
M01694,60-74,FAC-SOUTH,2024
M01697,60-74,FAC-WEST,2024
M01699,75+,FAC-WEST,2024
M01705,30-44,FAC-EAST,2024
M01725,45-59,FAC-WEST,2024
M01726,45-59,FAC-NORTH,2024
M01728,45-59,FAC-EAST,2024
M01731,75+,FAC-EAST,2024
M01741,60-74,FAC-NORTH,2024
M01745,45-59,FAC-CENTRAL,2024
M01755,30-44,FAC-WEST,2024
M01757,75+,FAC-NORTH,2024
M01765,60-74,FAC-SOUTH,2024
M01766,75+,FAC-WEST,2024
M01775,75+,FAC-CENTRAL,2024
M01778,45-59,FAC-WEST,2024
M01781,60-74,FAC-EAST,2024
M01782,75+,FAC-SOUTH,2024
M01784,45-59,FAC-EAST,2024
M01786,60-74,FAC-SOUTH,2024
M01790,18-29,FAC-CENTRAL,2024
M01796,60-74,FAC-EAST,2024
M01800,75+,FAC-NORTH,2024
M01803,45-59,FAC-WEST,2024
M01808,30-44,FAC-WEST,2024
M01817,75+,FAC-WEST,2024
M01830,45-59,FAC-EAST,2024
M01844,60-74,FAC-NORTH,2024
M01853,45-59,FAC-NORTH,2024
M01854,60-74,FAC-EAST,2024
M01862,18-29,FAC-CENTRAL,2024
M01874,60-74,FAC-EAST,2024
M01882,60-74,FAC-NORTH,2024
M01884,60-74,FAC-SOUTH,2024
M01887,75+,FAC-NORTH,2024
M01893,60-74,FAC-CENTRAL,2024
M01900,60-74,FAC-EAST,2024
M01913,60-74,FAC-EAST,2024
M01920,75+,FAC-NORTH,2024
M01939,18-29,FAC-WEST,2024
M01940,45-59,FAC-EAST,2024
M01941,60-74,FAC-WEST,2024
M01943,30-44,FAC-EAST,2024
M01946,60-74,FAC-WEST,2024
M01947,60-74,FAC-SOUTH,2024
M01953,60-74,FAC-SOUTH,2024
M01956,45-59,FAC-CENTRAL,2024
M01961,30-44,FAC-SOUTH,2024
M01966,30-44,FAC-EAST,2024
M01969,60-74,FAC-NORTH,2024
M01974,75+,FAC-CENTRAL,2024
M01980,18-29,FAC-SOUTH,2024
M01987,30-44,FAC-SOUTH,2024
M01990,75+,FAC-EAST,2024
M02011,75+,FAC-SOUTH,2024
M02028,45-59,FAC-NORTH,2024
M02034,60-74,FAC-NORTH,2024
M02036,60-74,FAC-NORTH,2024
M02037,75+,FAC-SOUTH,2024
M02040,30-44,FAC-NORTH,2024
M02041,75+,FAC-WEST,2024
M02045,60-74,FAC-WEST,2024
M02049,30-44,FAC-CENTRAL,2024
M02054,75+,FAC-EAST,2024
M02076,75+,FAC-NORTH,2024
M02083,45-59,FAC-SOUTH,2024
M02086,75+,FAC-NORTH,2024
M02089,60-74,FAC-EAST,2024
M02091,45-59,FAC-WEST,2024
M02095,45-59,FAC-WEST,2024
M02096,75+,FAC-WEST,2024
M02101,60-74,FAC-EAST,2024
M02105,75+,FAC-WEST,2024
M02110,45-59,FAC-WEST,2024
M02115,18-29,FAC-EAST,2024
M02117,75+,FAC-WEST,2024
M02122,45-59,FAC-NORTH,2024
M02133,75+,FAC-WEST,2024
M02138,18-29,FAC-CENTRAL,2024
M02139,45-59,FAC-SOUTH,2024
M02140,45-59,FAC-SOUTH,2024
M02141,45-59,FAC-NORTH,2024
M02154,45-59,FAC-NORTH,2024
M02157,75+,FAC-EAST,2024
M02159,30-44,FAC-WEST,2024
M02162,18-29,FAC-CENTRAL,2024
M02163,75+,FAC-WEST,2024
M02164,75+,FAC-NORTH,2024
M02169,60-74,FAC-SOUTH,2024
M02171,45-59,FAC-EAST,2024
M02173,18-29,FAC-EAST,2024
M02174,45-59,FAC-SOUTH,2024
M02176,75+,FAC-CENTRAL,2024
M02178,75+,FAC-EAST,2024
M02186,45-59,FAC-EAST,2024
M02190,60-74,FAC-WEST,2024
M02191,75+,FAC-EAST,2024
M02199,75+,FAC-SOUTH,2024
M02207,75+,FAC-NORTH,2024
M02222,75+,FAC-EAST,2024
M02224,75+,FAC-CENTRAL,2024
M02234,45-59,FAC-CENTRAL,2024
M02240,75+,FAC-CENTRAL,2024
M02243,45-59,FAC-CENTRAL,2024
M02249,30-44,FAC-CENTRAL,2024
M02259,45-59,FAC-WEST,2024
M02271,45-59,FAC-SOUTH,2024
M02272,60-74,FAC-EAST,2024
M02278,30-44,FAC-NORTH,2024
M02281,75+,FAC-SOUTH,2024
M02284,75+,FAC-CENTRAL,2024
M02289,60-74,FAC-NORTH,2024
M02290,45-59,FAC-EAST,2024
M02293,45-59,FAC-CENTRAL,2024
M02304,75+,FAC-NORTH,2024
M02305,18-29,FAC-WEST,2024
M02313,45-59,FAC-SOUTH,2024
M02314,45-59,FAC-EAST,2024
M02319,60-74,FAC-SOUTH,2024
M02322,45-59,FAC-NORTH,2024
M02336,45-59,FAC-CENTRAL,2024
M02339,45-59,FAC-EAST,2024
M02340,45-59,FAC-CENTRAL,2024
M02341,30-44,FAC-SOUTH,2024
M02345,30-44,FAC-SOUTH,2024
M02348,60-74,FAC-NORTH,2024
M02365,60-74,FAC-CENTRAL,2024
M02369,75+,FAC-SOUTH,2024
M02383,75+,FAC-WEST,2024
M02392,45-59,FAC-SOUTH,2024
M02393,45-59,FAC-NORTH,2024
M02394,18-29,FAC-CENTRAL,2024
M02402,60-74,FAC-WEST,2024
M02417,45-59,FAC-SOUTH,2024
M02424,75+,FAC-CENTRAL,2024
M02430,45-59,FAC-NORTH,2024
M02431,75+,FAC-WEST,2024
M02441,60-74,FAC-CENTRAL,2024
M02445,75+,FAC-CENTRAL,2024
M02447,60-74,FAC-WEST,2024
M02448,45-59,FAC-WEST,2024
M02452,60-74,FAC-SOUTH,2024
M02456,45-59,FAC-CENTRAL,2024
M02458,75+,FAC-SOUTH,2024
M02460,18-29,FAC-NORTH,2024
M02477,18-29,FAC-SOUTH,2024
M02482,60-74,FAC-WEST,2024
M02484,45-59,FAC-NORTH,2024
