member_id,enroll_start,enroll_end
M-000001,2023-06-01,2024-12-31
M-000002,2023-06-01,2024-12-31
M-000003,2023-06-01,2024-12-31
M-000004,2023-06-01,2024-12-31
M-000005,2023-06-01,2024-12-31
M-000006,2023-06-01,2024-12-31
M-000007,2023-06-01,2024-12-31
M-000008,2023-06-01,2024-12-31
M-000009,2024-01-01,2024-03-15
M-000009,2024-07-01,2024-12-31
M-000010,2023-06-01,2024-12-31
M-000011,2023-06-01,2024-12-31
M-000012,2023-06-01,2024-12-31
M-000013,2023-06-01,2024-12-31
M-000014,2023-06-01,2024-12-31
M-000015,2023-06-01,2024-12-31
M-000016,2023-06-01,2024-12-31
M-000017,2023-06-01,2024-12-31
M-000018,2023-06-01,2024-12-31
M-000019,2024-01-01,2024-03-15
M-000019,2024-07-01,2024-12-31
M-000020,2023-06-01,2024-12-31
M-000021,2023-06-01,2024-12-31
M-000022,2023-06-01,2024-12-31
M-000023,2023-06-01,2024-12-31
M-000024,2023-06-01,2024-12-31
M-000025,2023-06-01,2024-12-31
M-000026,2023-06-01,2024-12-31
M-000027,2023-06-01,2024-12-31
M-000028,2023-06-01,2024-12-31
M-000029,2023-06-01,2024-12-31
M-000030,2023-06-01,2024-12-31
M-000031,2023-06-01,2024-12-31
M-000032,2023-06-01,2024-12-31
M-000033,2023-06-01,2024-12-31
M-000034,2023-06-01,2024-12-31
M-000035,2023-06-01,2024-12-31
M-000036,2023-06-01,2024-12-31
M-000037,2023-06-01,2024-12-31
M-000038,2023-06-01,2024-12-31
M-000039,2024-01-01,2024-03-15
M-000039,2024-07-01,2024-12-31
M-000040,2023-06-01,2024-12-31
M-000041,2023-06-01,2024-12-31
M-000042,2023-06-01,2024-12-31
M-000043,2024-01-01,2024-03-15
M-000043,2024-07-01,2024-12-31
M-000044,2023-06-01,2024-12-31
M-000045,2023-06-01,2024-12-31
M-000046,2023-06-01,2024-12-31
M-000047,2023-06-01,2024-12-31
M-000048,2023-06-01,2024-12-31
M-000049,2023-06-01,2024-12-31
M-000050,2023-06-01,2024-12-31
M-000051,2024-01-01,2024-03-15
M-000051,2024-07-01,2024-12-31
M-000052,2023-06-01,2024-12-31
M-000053,2024-01-01,2024-03-15
M-000053,2024-07-01,2024-12-31
M-000054,2024-01-01,2024-03-15
M-000054,2024-07-01,2024-12-31
M-000055,2023-06-01,2024-12-31
M-000056,2023-06-01,2024-12-31
M-000057,2023-06-01,2024-12-31
M-000058,2023-06-01,2024-12-31
M-000059,2023-06-01,2024-12-31
M-000060,2023-06-01,2024-12-31
M-000061,2023-06-01,2024-12-31
M-000062,2023-06-01,2024-12-31
M-000063,2023-06-01,2024-12-31
M-000064,2023-06-01,2024-12-31
M-000065,2023-06-01,2024-12-31
M-000066,2024-01-01,2024-03-15
M-000066,2024-07-01,2024-12-31
M-000067,2024-01-01,2024-03-15
M-000067,2024-07-01,2024-12-31
M-000068,2023-06-01,2024-12-31
M-000069,2023-06-01,2024-12-31
M-000070,2023-06-01,2024-12-31
M-000071,2023-06-01,2024-12-31
M-000072,2023-06-01,2024-12-31
M-000073,2023-06-01,2024-12-31
M-000074,2023-06-01,2024-12-31
M-000075,2023-06-01,2024-12-31
M-000076,2023-06-01,2024-12-31
M-000077,2023-06-01,2024-12-31
M-000078,2023-06-01,2024-12-31
M-000079,2023-06-01,2024-12-31
M-000080,2023-06-01,2024-12-31
M-000081,2023-06-01,2024-12-31
M-000082,2024-01-01,2024-03-15
M-000082,2024-07-01,2024-12-31
M-000083,2023-06-01,2024-12-31
M-000084,2023-06-01,2024-12-31
M-000085,2023-06-01,2024-12-31
M-000086,2023-06-01,2024-12-31
M-000087,2023-06-01,2024-12-31
M-000088,2023-06-01,2024-12-31
M-000089,2023-06-01,2024-12-31
M-000090,2023-06-01,2024-12-31
M-000091,2023-06-01,2024-12-31
M-000092,2023-06-01,2024-12-31
M-000093,2023-06-01,2024-12-31
M-000094,2023-06-01,2024-12-31
M-000095,2023-06-01,2024-12-31
M-000096,2023-06-01,2024-12-31
M-000097,2023-06-01,2024-12-31
M-000098,2023-06-01,2024-12-31
M-000099,2024-01-01,2024-03-15
M-000099,2024-07-01,2024-12-31
M-000100,2024-01-01,2024-03-15
M-000100,2024-07-01,2024-12-31
M-000101,2023-06-01,2024-12-31
M-000102,2023-06-01,2024-12-31
M-000103,2023-06-01,2024-12-31
M-000104,2023-06-01,2024-12-31
M-000105,2023-06-01,2024-12-31
M-000106,2023-06-01,2024-12-31
M-000107,2023-06-01,2024-12-31
M-000108,2023-06-01,2024-12-31
M-000109,2023-06-01,2024-12-31
M-000110,2023-06-01,2024-12-31
M-000111,2023-06-01,2024-12-31
M-000112,2023-06-01,2024-12-31
M-000113,2023-06-01,2024-12-31
M-000114,2024-01-01,2024-03-15
M-000114,2024-07-01,2024-12-31
M-000115,2023-06-01,2024-12-31
M-000116,2023-06-01,2024-12-31
M-000117,2023-06-01,2024-12-31
M-000118,2023-06-01,2024-12-31
M-000119,2024-01-01,2024-03-15
M-000119,2024-07-01,2024-12-31
M-000120,2024-01-01,2024-03-15
M-000120,2024-07-01,2024-12-31
M-000121,2023-06-01,2024-12-31
M-000122,2024-01-01,2024-03-15
M-000122,2024-07-01,2024-12-31
M-000123,2023-06-01,2024-12-31
M-000124,2023-06-01,2024-12-31
M-000125,2023-06-01,2024-12-31
M-000126,2023-06-01,2024-12-31
M-000127,2023-06-01,2024-12-31
M-000128,2023-06-01,2024-12-31
M-000129,2023-06-01,2024-12-31
M-000130,2024-01-01,2024-03-15
M-000130,2024-07-01,2024-12-31
M-000131,2023-06-01,2024-12-31
M-000132,2023-06-01,2024-12-31
M-000133,2023-06-01,2024-12-31
M-000134,2024-01-01,2024-03-15
M-000134,2024-07-01,2024-12-31
M-000135,2023-06-01,2024-12-31
M-000136,2023-06-01,2024-12-31
M-000137,2023-06-01,2024-12-31
M-000138,2023-06-01,2024-12-31
M-000139,2023-06-01,2024-12-31
M-000140,2023-06-01,2024-12-31
M-000141,2023-06-01,2024-12-31
M-000142,2023-06-01,2024-12-31
M-000143,2024-01-01,2024-03-15
M-000143,2024-07-01,2024-12-31
M-000144,2023-06-01,2024-12-31
M-000145,2023-06-01,2024-12-31
M-000146,2023-06-01,2024-12-31
M-000147,2023-06-01,2024-12-31
M-000148,2023-06-01,2024-12-31
M-000149,2023-06-01,2024-12-31
M-000150,2023-06-01,2024-12-31
M-000151,2023-06-01,2024-12-31
M-000152,2023-06-01,2024-12-31
M-000153,2023-06-01,2024-12-31
M-000154,2023-06-01,2024-12-31
M-000155,2023-06-01,2024-12-31
M-000156,2023-06-01,2024-12-31
M-000157,2023-06-01,2024-12-31
M-000158,2024-01-01,2024-03-15
M-000158,2024-07-01,2024-12-31
M-000159,2023-06-01,2024-12-31
M-000160,2024-01-01,2024-03-15
M-000160,2024-07-01,2024-12-31
M-000161,2023-06-01,2024-12-31
M-000162,2023-06-01,2024-12-31
M-000163,2023-06-01,2024-12-31
M-000164,2023-06-01,2024-12-31
M-000165,2023-06-01,2024-12-31
M-000166,2023-06-01,2024-12-31
M-000167,2024-01-01,2024-03-15
M-000167,2024-07-01,2024-12-31
M-000168,2023-06-01,2024-12-31
M-000169,2023-06-01,2024-12-31
M-000170,2023-06-01,2024-12-31
M-000171,2023-06-01,2024-12-31
M-000172,2024-01-01,2024-03-15
M-000172,2024-07-01,2024-12-31
M-000173,2024-01-01,2024-03-15
M-000173,2024-07-01,2024-12-31
M-000174,2024-01-01,2024-03-15
M-000174,2024-07-01,2024-12-31
M-000175,2023-06-01,2024-12-31
M-000176,2023-06-01,2024-12-31
M-000177,2024-01-01,2024-03-15
M-000177,2024-07-01,2024-12-31
M-000178,2023-06-01,2024-12-31
M-000179,2023-06-01,2024-12-31
M-000180,2023-06-01,2024-12-31
M-000181,2023-06-01,2024-12-31
M-000182,2023-06-01,2024-12-31
M-000183,2023-06-01,2024-12-31
M-000184,2023-06-01,2024-12-31
M-000185,2023-06-01,2024-12-31
M-000186,2023-06-01,2024-12-31
M-000187,2023-06-01,2024-12-31
M-000188,2024-01-01,2024-03-15
M-000188,2024-07-01,2024-12-31
M-000189,2023-06-01,2024-12-31
M-000190,2023-06-01,2024-12-31
M-000191,2023-06-01,2024-12-31
M-000192,2023-06-01,2024-12-31
M-000193,2023-06-01,2024-12-31
M-000194,2023-06-01,2024-12-31
M-000195,2023-06-01,2024-12-31
M-000196,2023-06-01,2024-12-31
M-000197,2023-06-01,2024-12-31
M-000198,2023-06-01,2024-12-31
M-000199,2023-06-01,2024-12-31
M-000200,2023-06-01,2024-12-31
M-000201,2023-06-01,2024-12-31
M-000202,2023-06-01,2024-12-31
M-000203,2023-06-01,2024-12-31
M-000204,2023-06-01,2024-12-31
M-000205,2023-06-01,2024-12-31
M-000206,2024-01-01,2024-03-15
M-000206,2024-07-01,2024-12-31
M-000207,2024-01-01,2024-03-15
M-000207,2024-07-01,2024-12-31
M-000208,2023-06-01,2024-12-31
M-000209,2023-06-01,2024-12-31
M-000210,2023-06-01,2024-12-31
M-000211,2023-06-01,2024-12-31
M-000212,2023-06-01,2024-12-31
M-000213,2023-06-01,2024-12-31
M-000214,2024-01-01,2024-03-15
M-000214,2024-07-01,2024-12-31
M-000215,2023-06-01,2024-12-31
M-000216,2024-01-01,2024-03-15
M-000216,2024-07-01,2024-12-31
M-000217,2023-06-01,2024-12-31
M-000218,2023-06-01,2024-12-31
M-000219,2023-06-01,2024-12-31
M-000220,2023-06-01,2024-12-31
M-000221,2023-06-01,2024-12-31
M-000222,2024-01-01,2024-03-15
M-000222,2024-07-01,2024-12-31
M-000223,2023-06-01,2024-12-31
M-000224,2023-06-01,2024-12-31
M-000225,2023-06-01,2024-12-31
M-000226,2023-06-01,2024-12-31
M-000227,2023-06-01,2024-12-31
M-000228,2023-06-01,2024-12-31
M-000229,2023-06-01,2024-12-31
M-000230,2023-06-01,2024-12-31
M-000231,2024-01-01,2024-03-15
M-000231,2024-07-01,2024-12-31
M-000232,2023-06-01,2024-12-31
M-000233,2023-06-01,2024-12-31
M-000234,2023-06-01,2024-12-31
M-000235,2023-06-01,2024-12-31
M-000236,2023-06-01,2024-12-31
M-000237,2023-06-01,2024-12-31
M-000238,2023-06-01,2024-12-31
M-000239,2023-06-01,2024-12-31
M-000240,2023-06-01,2024-12-31
M-000241,2023-06-01,2024-12-31
M-000242,2023-06-01,2024-12-31
M-000243,2023-06-01,2024-12-31
M-000244,2023-06-01,2024-12-31
M-000245,2023-06-01,2024-12-31
M-000246,2023-06-01,2024-12-31
M-000247,2023-06-01,2024-12-31
M-000248,2023-06-01,2024-12-31
M-000249,2023-06-01,2024-12-31
M-000250,2024-01-01,2024-03-15
M-000250,2024-07-01,2024-12-31
M-000251,2023-06-01,2024-12-31
M-000252,2023-06-01,2024-12-31
M-000253,2023-06-01,2024-12-31
M-000254,2023-06-01,2024-12-31
M-000255,2023-06-01,2024-12-31
M-000256,2024-01-01,2024-03-15
M-000256,2024-07-01,2024-12-31
M-000257,2024-01-01,2024-03-15
M-000257,2024-07-01,2024-12-31
M-000258,2023-06-01,2024-12-31
M-000259,2023-06-01,2024-12-31
M-000260,2024-01-01,2024-03-15
M-000260,2024-07-01,2024-12-31
M-000261,2023-06-01,2024-12-31
M-000262,2023-06-01,2024-12-31
M-000263,2023-06-01,2024-12-31
M-000264,2023-06-01,2024-12-31
M-000265,2023-06-01,2024-12-31
M-000266,2023-06-01,2024-12-31
M-000267,2023-06-01,2024-12-31
M-000268,2023-06-01,2024-12-31
M-000269,2023-06-01,2024-12-31
M-000270,2023-06-01,2024-12-31
M-000271,2023-06-01,2024-12-31
M-000272,2023-06-01,2024-12-31
M-000273,2023-06-01,2024-12-31
M-000274,2023-06-01,2024-12-31
M-000275,2023-06-01,2024-12-31
M-000276,2023-06-01,2024-12-31
M-000277,2024-01-01,2024-03-15
M-000277,2024-07-01,2024-12-31
M-000278,2023-06-01,2024-12-31
M-000279,2023-06-01,2024-12-31
M-000280,2023-06-01,2024-12-31
M-000281,2023-06-01,2024-12-31
M-000282,2023-06-01,2024-12-31
M-000283,2023-06-01,2024-12-31
M-000284,2023-06-01,2024-12-31
M-000285,2023-06-01,2024-12-31
M-000286,2023-06-01,2024-12-31
M-000287,2023-06-01,2024-12-31
M-000288,2023-06-01,2024-12-31
M-000289,2024-01-01,2024-03-15
M-000289,2024-07-01,2024-12-31
M-000290,2023-06-01,2024-12-31
M-000291,2023-06-01,2024-12-31
M-000292,2023-06-01,2024-12-31
M-000293,2023-06-01,2024-12-31
M-000294,2024-01-01,2024-03-15
M-000294,2024-07-01,2024-12-31
M-000295,2023-06-01,2024-12-31
M-000296,2023-06-01,2024-12-31
M-000297,2023-06-01,2024-12-31
M-000298,2023-06-01,2024-12-31
M-000299,2023-06-01,2024-12-31
M-000300,2023-06-01,2024-12-31
M-000301,2023-06-01,2024-12-31
M-000302,2024-01-01,2024-03-15
M-000302,2024-07-01,2024-12-31
M-000303,2023-06-01,2024-12-31
M-000304,2023-06-01,2024-12-31
M-000305,2023-06-01,2024-12-31
M-000306,2023-06-01,2024-12-31
M-000307,2023-06-01,2024-12-31
M-000308,2023-06-01,2024-12-31
M-000309,2023-06-01,2024-12-31
M-000310,2023-06-01,2024-12-31
M-000311,2023-06-01,2024-12-31
M-000312,2023-06-01,2024-12-31
M-000313,2023-06-01,2024-12-31
M-000314,2023-06-01,2024-12-31
M-000315,2023-06-01,2024-12-31
M-000316,2023-06-01,2024-12-31
M-000317,2024-01-01,2024-03-15
M-000317,2024-07-01,2024-12-31
M-000318,2023-06-01,2024-12-31
M-000319,2023-06-01,2024-12-31
M-000320,2024-01-01,2024-03-15
M-000320,2024-07-01,2024-12-31
M-000321,2023-06-01,2024-12-31
M-000322,2023-06-01,2024-12-31
M-000323,2023-06-01,2024-12-31
M-000324,2023-06-01,2024-12-31
M-000325,2023-06-01,2024-12-31
M-000326,2023-06-01,2024-12-31
M-000327,2023-06-01,2024-12-31
M-000328,2023-06-01,2024-12-31
M-000329,2023-06-01,2024-12-31
M-000330,2023-06-01,2024-12-31
M-000331,2024-01-01,2024-03-15
M-000331,2024-07-01,2024-12-31
M-000332,2023-06-01,2024-12-31
M-000333,2023-06-01,2024-12-31
M-000334,2023-06-01,2024-12-31
M-000335,2023-06-01,2024-12-31
M-000336,2023-06-01,2024-12-31
M-000337,2023-06-01,2024-12-31
M-000338,2023-06-01,2024-12-31
M-000339,2023-06-01,2024-12-31
M-000340,2023-06-01,2024-12-31
M-000341,2024-01-01,2024-03-15
M-000341,2024-07-01,2024-12-31
M-000342,2024-01-01,2024-03-15
M-000342,2024-07-01,2024-12-31
M-000343,2023-06-01,2024-12-31
M-000344,2023-06-01,2024-12-31
M-000345,2023-06-01,2024-12-31
M-000346,2023-06-01,2024-12-31
M-000347,2023-06-01,2024-12-31
M-000348,2023-06-01,2024-12-31
M-000349,2024-01-01,2024-03-15
M-000349,2024-07-01,2024-12-31
M-000350,2023-06-01,2024-12-31
M-000351,2023-06-01,2024-12-31
M-000352,2023-06-01,2024-12-31
M-000353,2023-06-01,2024-12-31
M-000354,2023-06-01,2024-12-31
M-000355,2023-06-01,2024-12-31
M-000356,2023-06-01,2024-12-31
M-000357,2023-06-01,2024-12-31
M-000358,2023-06-01,2024-12-31
M-000359,2023-06-01,2024-12-31
M-000360,2023-06-01,2024-12-31
M-000361,2023-06-01,2024-12-31
M-000362,2023-06-01,2024-12-31
M-000363,2023-06-01,2024-12-31
M-000364,2023-06-01,2024-12-31
M-000365,2023-06-01,2024-12-31
M-000366,2023-06-01,2024-12-31
M-000367,2023-06-01,2024-12-31
M-000368,2023-06-01,2024-12-31
M-000369,2023-06-01,2024-12-31
M-000370,2024-01-01,2024-03-15
M-000370,2024-07-01,2024-12-31
M-000371,2023-06-01,2024-12-31
M-000372,2023-06-01,2024-12-31
M-000373,2023-06-01,2024-12-31
M-000374,2024-01-01,2024-03-15
M-000374,2024-07-01,2024-12-31
M-000375,2023-06-01,2024-12-31
M-000376,2023-06-01,2024-12-31
M-000377,2024-01-01,2024-03-15
M-000377,2024-07-01,2024-12-31
M-000378,2024-01-01,2024-03-15
M-000378,2024-07-01,2024-12-31
M-000379,2023-06-01,2024-12-31
M-000380,2023-06-01,2024-12-31
M-000381,2024-01-01,2024-03-15
M-000381,2024-07-01,2024-12-31
M-000382,2023-06-01,2024-12-31
M-000383,2023-06-01,2024-12-31
M-000384,2023-06-01,2024-12-31
M-000385,2023-06-01,2024-12-31
M-000386,2023-06-01,2024-12-31
M-000387,2024-01-01,2024-03-15
M-000387,2024-07-01,2024-12-31
M-000388,2023-06-01,2024-12-31
M-000389,2023-06-01,2024-12-31
M-000390,2023-06-01,2024-12-31
M-000391,2023-06-01,2024-12-31
M-000392,2023-06-01,2024-12-31
M-000393,2023-06-01,2024-12-31
M-000394,2023-06-01,2024-12-31
M-000395,2023-06-01,2024-12-31
M-000396,2023-06-01,2024-12-31
M-000397,2023-06-01,2024-12-31
M-000398,2023-06-01,2024-12-31
M-000399,2023-06-01,2024-12-31
M-000400,2023-06-01,2024-12-31
M-000401,2023-06-01,2024-12-31
M-000402,2023-06-01,2024-12-31
M-000403,2023-06-01,2024-12-31
M-000404,2024-01-01,2024-03-15
M-000404,2024-07-01,2024-12-31
M-000405,2023-06-01,2024-12-31
M-000406,2023-06-01,2024-12-31
M-000407,2023-06-01,2024-12-31
M-000408,2024-01-01,2024-03-15
M-000408,2024-07-01,2024-12-31
M-000409,2023-06-01,2024-12-31
M-000410,2023-06-01,2024-12-31
M-000411,2023-06-01,2024-12-31
M-000412,2023-06-01,2024-12-31
M-000413,2023-06-01,2024-12-31
M-000414,2023-06-01,2024-12-31
M-000415,2023-06-01,2024-12-31
M-000416,2023-06-01,2024-12-31
M-000417,2023-06-01,2024-12-31
M-000418,2023-06-01,2024-12-31
M-000419,2023-06-01,2024-12-31
M-000420,2023-06-01,2024-12-31
M-000421,2023-06-01,2024-12-31
M-000422,2023-06-01,2024-12-31
M-000423,2024-01-01,2024-03-15
M-000423,2024-07-01,2024-12-31
M-000424,2023-06-01,2024-12-31
M-000425,2023-06-01,2024-12-31
M-000426,2023-06-01,2024-12-31
M-000427,2023-06-01,2024-12-31
M-000428,2023-06-01,2024-12-31
M-000429,2023-06-01,2024-12-31
M-000430,2023-06-01,2024-12-31
M-000431,2023-06-01,2024-12-31
M-000432,2023-06-01,2024-12-31
M-000433,2023-06-01,2024-12-31
M-000434,2023-06-01,2024-12-31
M-000435,2024-01-01,2024-03-15
M-000435,2024-07-01,2024-12-31
M-000436,2023-06-01,2024-12-31
M-000437,2023-06-01,2024-12-31
M-000438,2023-06-01,2024-12-31
M-000439,2023-06-01,2024-12-31
M-000440,2023-06-01,2024-12-31
M-000441,2023-06-01,2024-12-31
M-000442,2023-06-01,2024-12-31
M-000443,2023-06-01,2024-12-31
M-000444,2023-06-01,2024-12-31
M-000445,2023-06-01,2024-12-31
M-000446,2023-06-01,2024-12-31
M-000447,2023-06-01,2024-12-31
M-000448,2023-06-01,2024-12-31
M-000449,2023-06-01,2024-12-31
M-000450,2023-06-01,2024-12-31
M-000451,2024-01-01,2024-03-15
M-000451,2024-07-01,2024-12-31
M-000452,2023-06-01,2024-12-31
M-000453,2024-01-01,2024-03-15
M-000453,2024-07-01,2024-12-31
M-000454,2023-06-01,2024-12-31
M-000455,2023-06-01,2024-12-31
M-000456,2023-06-01,2024-12-31
M-000457,2023-06-01,2024-12-31
M-000458,2024-01-01,2024-03-15
M-000458,2024-07-01,2024-12-31
M-000459,2023-06-01,2024-12-31
M-000460,2023-06-01,2024-12-31
M-000461,2023-06-01,2024-12-31
M-000462,2023-06-01,2024-12-31
M-000463,2023-06-01,2024-12-31
M-000464,2023-06-01,2024-12-31
M-000465,2023-06-01,2024-12-31
M-000466,2023-06-01,2024-12-31
M-000467,2024-01-01,2024-03-15
M-000467,2024-07-01,2024-12-31
M-000468,2023-06-01,2024-12-31
M-000469,2023-06-01,2024-12-31
M-000470,2023-06-01,2024-12-31
M-000471,2023-06-01,2024-12-31
M-000472,2023-06-01,2024-12-31
M-000473,2023-06-01,2024-12-31
M-000474,2023-06-01,2024-12-31
M-000475,2023-06-01,2024-12-31
M-000476,2023-06-01,2024-12-31
M-000477,2023-06-01,2024-12-31
M-000478,2023-06-01,2024-12-31
M-000479,2023-06-01,2024-12-31
M-000480,2023-06-01,2024-12-31
M-000481,2023-06-01,2024-12-31
M-000482,2023-06-01,2024-12-31
M-000483,2023-06-01,2024-12-31
M-000484,2023-06-01,2024-12-31
M-000485,2023-06-01,2024-12-31
M-000486,2023-06-01,2024-12-31
M-000487,2023-06-01,2024-12-31
M-000488,2023-06-01,2024-12-31
M-000489,2023-06-01,2024-12-31
M-000490,2023-06-01,2024-12-31
M-000491,2024-01-01,2024-03-15
M-000491,2024-07-01,2024-12-31
M-000492,2024-01-01,2024-03-15
M-000492,2024-07-01,2024-12-31
M-000493,2023-06-01,2024-12-31
M-000494,2023-06-01,2024-12-31
M-000495,2023-06-01,2024-12-31
M-000496,2023-06-01,2024-12-31
M-000497,2023-06-01,2024-12-31
M-000498,2023-06-01,2024-12-31
M-000499,2023-06-01,2024-12-31
M-000500,2023-06-01,2024-12-31
M-000501,2023-06-01,2024-12-31
M-000502,2023-06-01,2024-12-31
M-000503,2023-06-01,2024-12-31
M-000504,2023-06-01,2024-12-31
M-000505,2023-06-01,2024-12-31
M-000506,2023-06-01,2024-12-31
M-000507,2023-06-01,2024-12-31
M-000508,2023-06-01,2024-12-31
M-000509,2023-06-01,2024-12-31
M-000510,2024-01-01,2024-03-15
M-000510,2024-07-01,2024-12-31
M-000511,2023-06-01,2024-12-31
M-000512,2023-06-01,2024-12-31
M-000513,2023-06-01,2024-12-31
M-000514,2023-06-01,2024-12-31
M-000515,2023-06-01,2024-12-31
M-000516,2023-06-01,2024-12-31
M-000517,2023-06-01,2024-12-31
M-000518,2023-06-01,2024-12-31
M-000519,2023-06-01,2024-12-31
M-000520,2023-06-01,2024-12-31
M-000521,2023-06-01,2024-12-31
M-000522,2023-06-01,2024-12-31
M-000523,2024-01-01,2024-03-15
M-000523,2024-07-01,2024-12-31
M-000524,2023-06-01,2024-12-31
M-000525,2023-06-01,2024-12-31
M-000526,2023-06-01,2024-12-31
M-000527,2023-06-01,2024-12-31
M-000528,2023-06-01,2024-12-31
M-000529,2023-06-01,2024-12-31
M-000530,2023-06-01,2024-12-31
M-000531,2023-06-01,2024-12-31
M-000532,2023-06-01,2024-12-31
M-000533,2023-06-01,2024-12-31
M-000534,2023-06-01,2024-12-31
M-000535,2023-06-01,2024-12-31
M-000536,2023-06-01,2024-12-31
M-000537,2023-06-01,2024-12-31
M-000538,2023-06-01,2024-12-31
M-000539,2023-06-01,2024-12-31
M-000540,2023-06-01,2024-12-31
M-000541,2023-06-01,2024-12-31
M-000542,2023-06-01,2024-12-31
M-000543,2023-06-01,2024-12-31
M-000544,2023-06-01,2024-12-31
M-000545,2024-01-01,2024-03-15
M-000545,2024-07-01,2024-12-31
M-000546,2023-06-01,2024-12-31
M-000547,2023-06-01,2024-12-31
M-000548,2023-06-01,2024-12-31
M-000549,2023-06-01,2024-12-31
M-000550,2023-06-01,2024-12-31
M-000551,2023-06-01,2024-12-31
M-000552,2023-06-01,2024-12-31
M-000553,2023-06-01,2024-12-31
M-000554,2023-06-01,2024-12-31
M-000555,2023-06-01,2024-12-31
M-000556,2023-06-01,2024-12-31
M-000557,2023-06-01,2024-12-31
M-000558,2024-01-01,2024-03-15
M-000558,2024-07-01,2024-12-31
M-000559,2023-06-01,2024-12-31
M-000560,2023-06-01,2024-12-31
M-000561,2023-06-01,2024-12-31
M-000562,2023-06-01,2024-12-31
M-000563,2023-06-01,2024-12-31
M-000564,2023-06-01,2024-12-31
M-000565,2023-06-01,2024-12-31
M-000566,2023-06-01,2024-12-31
M-000567,2024-01-01,2024-03-15
M-000567,2024-07-01,2024-12-31
M-000568,2023-06-01,2024-12-31
M-000569,2023-06-01,2024-12-31
M-000570,2023-06-01,2024-12-31
M-000571,2024-01-01,2024-03-15
M-000571,2024-07-01,2024-12-31
M-000572,2023-06-01,2024-12-31
M-000573,2024-01-01,2024-03-15
M-000573,2024-07-01,2024-12-31
M-000574,2023-06-01,2024-12-31
M-000575,2023-06-01,2024-12-31
M-000576,2023-06-01,2024-12-31
M-000577,2023-06-01,2024-12-31
M-000578,2024-01-01,2024-03-15
M-000578,2024-07-01,2024-12-31
M-000579,2023-06-01,2024-12-31
M-000580,2023-06-01,2024-12-31
M-000581,2023-06-01,2024-12-31
M-000582,2023-06-01,2024-12-31
M-000583,2023-06-01,2024-12-31
M-000584,2023-06-01,2024-12-31
M-000585,2023-06-01,2024-12-31
M-000586,2023-06-01,2024-12-31
M-000587,2024-01-01,2024-03-15
M-000587,2024-07-01,2024-12-31
M-000588,2024-01-01,2024-03-15
M-000588,2024-07-01,2024-12-31
M-000589,2023-06-01,2024-12-31
M-000590,2023-06-01,2024-12-31
M-000591,2023-06-01,2024-12-31
M-000592,2023-06-01,2024-12-31
M-000593,2023-06-01,2024-12-31
M-000594,2023-06-01,2024-12-31
M-000595,2023-06-01,2024-12-31
M-000596,2023-06-01,2024-12-31
M-000597,2023-06-01,2024-12-31
M-000598,2023-06-01,2024-12-31
M-000599,2024-01-01,2024-03-15
M-000599,2024-07-01,2024-12-31
M-000600,2023-06-01,2024-12-31
M-000601,2023-06-01,2024-12-31
M-000602,2023-06-01,2024-12-31
M-000603,2023-06-01,2024-12-31
M-000604,2023-06-01,2024-12-31
M-000605,2023-06-01,2024-12-31
M-000606,2023-06-01,2024-12-31
M-000607,2023-06-01,2024-12-31
M-000608,2023-06-01,2024-12-31
M-000609,2023-06-01,2024-12-31
M-000610,2023-06-01,2024-12-31
M-000611,2023-06-01,2024-12-31
M-000612,2023-06-01,2024-12-31
M-000613,2023-06-01,2024-12-31
M-000614,2023-06-01,2024-12-31
M-000615,2023-06-01,2024-12-31
M-000616,2023-06-01,2024-12-31
M-000617,2023-06-01,2024-12-31
M-000618,2023-06-01,2024-12-31
M-000619,2023-06-01,2024-12-31
M-000620,2023-06-01,2024-12-31
M-000621,2023-06-01,2024-12-31
M-000622,2023-06-01,2024-12-31
M-000623,2023-06-01,2024-12-31
M-000624,2023-06-01,2024-12-31
M-000625,2023-06-01,2024-12-31
M-000626,2023-06-01,2024-12-31
M-000627,2023-06-01,2024-12-31
M-000628,2024-01-01,2024-03-15
M-000628,2024-07-01,2024-12-31
M-000629,2024-01-01,2024-03-15
M-000629,2024-07-01,2024-12-31
M-000630,2023-06-01,2024-12-31
M-000631,2023-06-01,2024-12-31
M-000632,2023-06-01,2024-12-31
M-000633,2023-06-01,2024-12-31
M-000634,2023-06-01,2024-12-31
M-000635,2023-06-01,2024-12-31
M-000636,2023-06-01,2024-12-31
M-000637,2023-06-01,2024-12-31
M-000638,2023-06-01,2024-12-31
M-000639,2023-06-01,2024-12-31
M-000640,2023-06-01,2024-12-31
M-000641,2023-06-01,2024-12-31
M-000642,2023-06-01,2024-12-31
M-000643,2023-06-01,2024-12-31
M-000644,2023-06-01,2024-12-31
M-000645,2023-06-01,2024-12-31
M-000646,2023-06-01,2024-12-31
M-000647,2023-06-01,2024-12-31
M-000648,2023-06-01,2024-12-31
M-000649,2023-06-01,2024-12-31
M-000650,2023-06-01,2024-12-31
M-000651,2023-06-01,2024-12-31
M-000652,2023-06-01,2024-12-31
M-000653,2023-06-01,2024-12-31
M-000654,2023-06-01,2024-12-31
M-000655,2023-06-01,2024-12-31
M-000656,2023-06-01,2024-12-31
M-000657,2023-06-01,2024-12-31
M-000658,2023-06-01,2024-12-31
M-000659,2023-06-01,2024-12-31
M-000660,2023-06-01,2024-12-31
M-000661,2023-06-01,2024-12-31
M-000662,2023-06-01,2024-12-31
M-000663,2023-06-01,2024-12-31
M-000664,2023-06-01,2024-12-31
M-000665,2023-06-01,2024-12-31
M-000666,2023-06-01,2024-12-31
M-000667,2023-06-01,2024-12-31
M-000668,2024-01-01,2024-03-15
M-000668,2024-07-01,2024-12-31
M-000669,2023-06-01,2024-12-31
M-000670,2023-06-01,2024-12-31
M-000671,2023-06-01,2024-12-31
M-000672,2023-06-01,2024-12-31
M-000673,2023-06-01,2024-12-31
M-000674,2023-06-01,2024-12-31
M-000675,2023-06-01,2024-12-31
M-000676,2023-06-01,2024-12-31
M-000677,2023-06-01,2024-12-31
M-000678,2023-06-01,2024-12-31
M-000679,2024-01-01,2024-03-15
M-000679,2024-07-01,2024-12-31
M-000680,2023-06-01,2024-12-31
M-000681,2023-06-01,2024-12-31
M-000682,2023-06-01,2024-12-31
M-000683,2023-06-01,2024-12-31
M-000684,2023-06-01,2024-12-31
M-000685,2024-01-01,2024-03-15
M-000685,2024-07-01,2024-12-31
M-000686,2023-06-01,2024-12-31
M-000687,2023-06-01,2024-12-31
M-000688,2023-06-01,2024-12-31
M-000689,2023-06-01,2024-12-31
M-000690,2023-06-01,2024-12-31
M-000691,2023-06-01,2024-12-31
M-000692,2023-06-01,2024-12-31
M-000693,2023-06-01,2024-12-31
M-000694,2023-06-01,2024-12-31
M-000695,2023-06-01,2024-12-31
M-000696,2023-06-01,2024-12-31
M-000697,2023-06-01,2024-12-31
M-000698,2023-06-01,2024-12-31
M-000699,2023-06-01,2024-12-31
M-000700,2023-06-01,2024-12-31
M-000701,2024-01-01,2024-03-15
M-000701,2024-07-01,2024-12-31
M-000702,2023-06-01,2024-12-31
M-000703,2023-06-01,2024-12-31
M-000704,2023-06-01,2024-12-31
M-000705,2023-06-01,2024-12-31
M-000706,2024-01-01,2024-03-15
M-000706,2024-07-01,2024-12-31
M-000707,2023-06-01,2024-12-31
M-000708,2023-06-01,2024-12-31
M-000709,2023-06-01,2024-12-31
M-000710,2023-06-01,2024-12-31
M-000711,2023-06-01,2024-12-31
M-000712,2023-06-01,2024-12-31
M-000713,2023-06-01,2024-12-31
M-000714,2023-06-01,2024-12-31
M-000715,2023-06-01,2024-12-31
M-000716,2023-06-01,2024-12-31
M-000717,2023-06-01,2024-12-31
M-000718,2023-06-01,2024-12-31
M-000719,2023-06-01,2024-12-31
M-000720,2023-06-01,2024-12-31
M-000721,2023-06-01,2024-12-31
M-000722,2023-06-01,2024-12-31
M-000723,2023-06-01,2024-12-31
M-000724,2023-06-01,2024-12-31
M-000725,2023-06-01,2024-12-31
M-000726,2023-06-01,2024-12-31
M-000727,2023-06-01,2024-12-31
M-000728,2023-06-01,2024-12-31
M-000729,2024-01-01,2024-03-15
M-000729,2024-07-01,2024-12-31
M-000730,2023-06-01,2024-12-31
M-000731,2023-06-01,2024-12-31
M-000732,2023-06-01,2024-12-31
M-000733,2023-06-01,2024-12-31
M-000734,2023-06-01,2024-12-31
M-000735,2023-06-01,2024-12-31
M-000736,2023-06-01,2024-12-31
M-000737,2023-06-01,2024-12-31
M-000738,2024-01-01,2024-03-15
M-000738,2024-07-01,2024-12-31
M-000739,2023-06-01,2024-12-31
M-000740,2023-06-01,2024-12-31
M-000741,2023-06-01,2024-12-31
M-000742,2023-06-01,2024-12-31
M-000743,2023-06-01,2024-12-31
M-000744,2023-06-01,2024-12-31
M-000745,2023-06-01,2024-12-31
M-000746,2023-06-01,2024-12-31
M-000747,2023-06-01,2024-12-31
M-000748,2023-06-01,2024-12-31
M-000749,2023-06-01,2024-12-31
M-000750,2023-06-01,2024-12-31
M-000751,2023-06-01,2024-12-31
M-000752,2023-06-01,2024-12-31
M-000753,2023-06-01,2024-12-31
M-000754,2023-06-01,2024-12-31
M-000755,2024-01-01,2024-03-15
M-000755,2024-07-01,2024-12-31
M-000756,2023-06-01,2024-12-31
M-000757,2023-06-01,2024-12-31
M-000758,2023-06-01,2024-12-31
M-000759,2023-06-01,2024-12-31
M-000760,2023-06-01,2024-12-31
M-000761,2023-06-01,2024-12-31
M-000762,2023-06-01,2024-12-31
M-000763,2023-06-01,2024-12-31
M-000764,2023-06-01,2024-12-31
M-000765,2023-06-01,2024-12-31
M-000766,2023-06-01,2024-12-31
M-000767,2023-06-01,2024-12-31
M-000768,2023-06-01,2024-12-31
M-000769,2023-06-01,2024-12-31
M-000770,2023-06-01,2024-12-31
M-000771,2023-06-01,2024-12-31
M-000772,2023-06-01,2024-12-31
M-000773,2023-06-01,2024-12-31
M-000774,2023-06-01,2024-12-31
M-000775,2023-06-01,2024-12-31
M-000776,2023-06-01,2024-12-31
M-000777,2023-06-01,2024-12-31
M-000778,2024-01-01,2024-03-15
M-000778,2024-07-01,2024-12-31
M-000779,2024-01-01,2024-03-15
M-000779,2024-07-01,2024-12-31
M-000780,2023-06-01,2024-12-31
M-000781,2024-01-01,2024-03-15
M-000781,2024-07-01,2024-12-31
M-000782,2023-06-01,2024-12-31
M-000783,2023-06-01,2024-12-31
M-000784,2023-06-01,2024-12-31
M-000785,2023-06-01,2024-12-31
M-000786,2024-01-01,2024-03-15
M-000786,2024-07-01,2024-12-31
M-000787,2023-06-01,2024-12-31
M-000788,2023-06-01,2024-12-31
M-000789,2023-06-01,2024-12-31
M-000790,2024-01-01,2024-03-15
M-000790,2024-07-01,2024-12-31
M-000791,2023-06-01,2024-12-31
M-000792,2023-06-01,2024-12-31
M-000793,2023-06-01,2024-12-31
M-000794,2023-06-01,2024-12-31
M-000795,2024-01-01,2024-03-15
M-000795,2024-07-01,2024-12-31
M-000796,2023-06-01,2024-12-31
M-000797,2023-06-01,2024-12-31
M-000798,2023-06-01,2024-12-31
M-000799,2023-06-01,2024-12-31
M-000800,2023-06-01,2024-12-31
M-000801,2023-06-01,2024-12-31
M-000802,2023-06-01,2024-12-31
M-000803,2024-01-01,2024-03-15
M-000803,2024-07-01,2024-12-31
M-000804,2023-06-01,2024-12-31
M-000805,2023-06-01,2024-12-31
M-000806,2023-06-01,2024-12-31
M-000807,2023-06-01,2024-12-31
M-000808,2023-06-01,2024-12-31
M-000809,2023-06-01,2024-12-31
M-000810,2023-06-01,2024-12-31
M-000811,2024-01-01,2024-03-15
M-000811,2024-07-01,2024-12-31
M-000812,2023-06-01,2024-12-31
M-000813,2023-06-01,2024-12-31
M-000814,2023-06-01,2024-12-31
M-000815,2024-01-01,2024-03-15
M-000815,2024-07-01,2024-12-31
M-000816,2024-01-01,2024-03-15
M-000816,2024-07-01,2024-12-31
M-000817,2024-01-01,2024-03-15
M-000817,2024-07-01,2024-12-31
M-000818,2023-06-01,2024-12-31
M-000819,2024-01-01,2024-03-15
M-000819,2024-07-01,2024-12-31
M-000820,2023-06-01,2024-12-31
M-000821,2023-06-01,2024-12-31
M-000822,2023-06-01,2024-12-31
M-000823,2023-06-01,2024-12-31
M-000824,2023-06-01,2024-12-31
M-000825,2023-06-01,2024-12-31
M-000826,2023-06-01,2024-12-31
M-000827,2023-06-01,2024-12-31
M-000828,2024-01-01,2024-03-15
M-000828,2024-07-01,2024-12-31
M-000829,2023-06-01,2024-12-31
M-000830,2023-06-01,2024-12-31
M-000831,2023-06-01,2024-12-31
M-000832,2023-06-01,2024-12-31
M-000833,2023-06-01,2024-12-31
M-000834,2024-01-01,2024-03-15
M-000834,2024-07-01,2024-12-31
M-000835,2023-06-01,2024-12-31
M-000836,2023-06-01,2024-12-31
M-000837,2023-06-01,2024-12-31
M-000838,2023-06-01,2024-12-31
M-000839,2023-06-01,2024-12-31
M-000840,2023-06-01,2024-12-31
M-000841,2023-06-01,2024-12-31
M-000842,2023-06-01,2024-12-31
M-000843,2023-06-01,2024-12-31
M-000844,2023-06-01,2024-12-31
M-000845,2023-06-01,2024-12-31
M-000846,2023-06-01,2024-12-31
M-000847,2023-06-01,2024-12-31
M-000848,2023-06-01,2024-12-31
M-000849,2023-06-01,2024-12-31
M-000850,2023-06-01,2024-12-31
M-000851,2023-06-01,2024-12-31
M-000852,2023-06-01,2024-12-31
M-000853,2023-06-01,2024-12-31
M-000854,2023-06-01,2024-12-31
M-000855,2023-06-01,2024-12-31
M-000856,2023-06-01,2024-12-31
M-000857,2023-06-01,2024-12-31
M-000858,2023-06-01,2024-12-31
M-000859,2023-06-01,2024-12-31
M-000860,2023-06-01,2024-12-31
M-000861,2023-06-01,2024-12-31
M-000862,2023-06-01,2024-12-31
M-000863,2023-06-01,2024-12-31
M-000864,2023-06-01,2024-12-31
M-000865,2023-06-01,2024-12-31
M-000866,2023-06-01,2024-12-31
M-000867,2023-06-01,2024-12-31
M-000868,2023-06-01,2024-12-31
M-000869,2023-06-01,2024-12-31
M-000870,2023-06-01,2024-12-31
M-000871,2023-06-01,2024-12-31
M-000872,2023-06-01,2024-12-31
M-000873,2023-06-01,2024-12-31
M-000874,2023-06-01,2024-12-31
M-000875,2024-01-01,2024-03-15
M-000875,2024-07-01,2024-12-31
M-000876,2023-06-01,2024-12-31
M-000877,2023-06-01,2024-12-31
M-000878,2023-06-01,2024-12-31
M-000879,2023-06-01,2024-12-31
M-000880,2023-06-01,2024-12-31
M-000881,2023-06-01,2024-12-31
M-000882,2023-06-01,2024-12-31
M-000883,2023-06-01,2024-12-31
M-000884,2023-06-01,2024-12-31
M-000885,2023-06-01,2024-12-31
M-000886,2024-01-01,2024-03-15
M-000886,2024-07-01,2024-12-31
M-000887,2023-06-01,2024-12-31
M-000888,2023-06-01,2024-12-31
M-000889,2023-06-01,2024-12-31
M-000890,2023-06-01,2024-12-31
M-000891,2023-06-01,2024-12-31
M-000892,2023-06-01,2024-12-31
M-000893,2023-06-01,2024-12-31
M-000894,2023-06-01,2024-12-31
M-000895,2023-06-01,2024-12-31
M-000896,2023-06-01,2024-12-31
M-000897,2023-06-01,2024-12-31
M-000898,2023-06-01,2024-12-31
M-000899,2023-06-01,2024-12-31
M-000900,2023-06-01,2024-12-31
M-000901,2023-06-01,2024-12-31
M-000902,2023-06-01,2024-12-31
M-000903,2023-06-01,2024-12-31
M-000904,2023-06-01,2024-12-31
M-000905,2023-06-01,2024-12-31
M-000906,2023-06-01,2024-12-31
M-000907,2023-06-01,2024-12-31
M-000908,2023-06-01,2024-12-31
M-000909,2023-06-01,2024-12-31
M-000910,2023-06-01,2024-12-31
M-000911,2023-06-01,2024-12-31
M-000912,2023-06-01,2024-12-31
M-000913,2023-06-01,2024-12-31
M-000914,2023-06-01,2024-12-31
M-000915,2023-06-01,2024-12-31
M-000916,2024-01-01,2024-03-15
M-000916,2024-07-01,2024-12-31
M-000917,2023-06-01,2024-12-31
M-000918,2024-01-01,2024-03-15
M-000918,2024-07-01,2024-12-31
M-000919,2023-06-01,2024-12-31
M-000920,2023-06-01,2024-12-31
M-000921,2023-06-01,2024-12-31
M-000922,2023-06-01,2024-12-31
M-000923,2023-06-01,2024-12-31
M-000924,2023-06-01,2024-12-31
M-000925,2023-06-01,2024-12-31
M-000926,2023-06-01,2024-12-31
M-000927,2023-06-01,2024-12-31
M-000928,2023-06-01,2024-12-31
M-000929,2023-06-01,2024-12-31
M-000930,2023-06-01,2024-12-31
M-000931,2023-06-01,2024-12-31
M-000932,2023-06-01,2024-12-31
M-000933,2023-06-01,2024-12-31
M-000934,2023-06-01,2024-12-31
M-000935,2023-06-01,2024-12-31
M-000936,2024-01-01,2024-03-15
M-000936,2024-07-01,2024-12-31
M-000937,2023-06-01,2024-12-31
M-000938,2023-06-01,2024-12-31
M-000939,2023-06-01,2024-12-31
M-000940,2023-06-01,2024-12-31
M-000941,2023-06-01,2024-12-31
M-000942,2023-06-01,2024-12-31
M-000943,2024-01-01,2024-03-15
M-000943,2024-07-01,2024-12-31
M-000944,2024-01-01,2024-03-15
M-000944,2024-07-01,2024-12-31
M-000945,2023-06-01,2024-12-31
M-000946,2023-06-01,2024-12-31
M-000947,2023-06-01,2024-12-31
M-000948,2023-06-01,2024-12-31
M-000949,2023-06-01,2024-12-31
M-000950,2023-06-01,2024-12-31
M-000951,2023-06-01,2024-12-31
M-000952,2024-01-01,2024-03-15
M-000952,2024-07-01,2024-12-31
M-000953,2023-06-01,2024-12-31
M-000954,2023-06-01,2024-12-31
M-000955,2023-06-01,2024-12-31
M-000956,2023-06-01,2024-12-31
M-000957,2023-06-01,2024-12-31
M-000958,2024-01-01,2024-03-15
M-000958,2024-07-01,2024-12-31
M-000959,2024-01-01,2024-03-15
M-000959,2024-07-01,2024-12-31
M-000960,2023-06-01,2024-12-31
M-000961,2024-01-01,2024-03-15
M-000961,2024-07-01,2024-12-31
M-000962,2024-01-01,2024-03-15
M-000962,2024-07-01,2024-12-31
M-000963,2023-06-01,2024-12-31
M-000964,2024-01-01,2024-03-15
M-000964,2024-07-01,2024-12-31
M-000965,2024-01-01,2024-03-15
M-000965,2024-07-01,2024-12-31
M-000966,2023-06-01,2024-12-31
M-000967,2023-06-01,2024-12-31
M-000968,2023-06-01,2024-12-31
M-000969,2023-06-01,2024-12-31
M-000970,2023-06-01,2024-12-31
M-000971,2023-06-01,2024-12-31
M-000972,2023-06-01,2024-12-31
M-000973,2023-06-01,2024-12-31
M-000974,2023-06-01,2024-12-31
M-000975,2024-01-01,2024-03-15
M-000975,2024-07-01,2024-12-31
M-000976,2023-06-01,2024-12-31
M-000977,2024-01-01,2024-03-15
M-000977,2024-07-01,2024-12-31
M-000978,2023-06-01,2024-12-31
M-000979,2023-06-01,2024-12-31
M-000980,2023-06-01,2024-12-31
M-000981,2023-06-01,2024-12-31
M-000982,2023-06-01,2024-12-31
M-000983,2023-06-01,2024-12-31
M-000984,2023-06-01,2024-12-31
M-000985,2023-06-01,2024-12-31
M-000986,2023-06-01,2024-12-31
M-000987,2023-06-01,2024-12-31
M-000988,2024-01-01,2024-03-15
M-000988,2024-07-01,2024-12-31
M-000989,2023-06-01,2024-12-31
M-000990,2023-06-01,2024-12-31
M-000991,2023-06-01,2024-12-31
M-000992,2023-06-01,2024-12-31
M-000993,2023-06-01,2024-12-31
M-000994,2023-06-01,2024-12-31
M-000995,2023-06-01,2024-12-31
M-000996,2023-06-01,2024-12-31
M-000997,2023-06-01,2024-12-31
M-000998,2023-06-01,2024-12-31
M-000999,2023-06-01,2024-12-31
M-001000,2024-01-01,2024-03-15
M-001000,2024-07-01,2024-12-31
M-001001,2023-06-01,2024-12-31
M-001002,2023-06-01,2024-12-31
M-001003,2024-01-01,2024-03-15
M-001003,2024-07-01,2024-12-31
M-001004,2023-06-01,2024-12-31
M-001005,2024-01-01,2024-03-15
M-001005,2024-07-01,2024-12-31
M-001006,2023-06-01,2024-12-31
M-001007,2023-06-01,2024-12-31
M-001008,2023-06-01,2024-12-31
M-001009,2023-06-01,2024-12-31
M-001010,2023-06-01,2024-12-31
M-001011,2023-06-01,2024-12-31
M-001012,2024-01-01,2024-03-15
M-001012,2024-07-01,2024-12-31
M-001013,2023-06-01,2024-12-31
M-001014,2023-06-01,2024-12-31
M-001015,2023-06-01,2024-12-31
M-001016,2023-06-01,2024-12-31
M-001017,2023-06-01,2024-12-31
M-001018,2023-06-01,2024-12-31
M-001019,2023-06-01,2024-12-31
M-001020,2023-06-01,2024-12-31
M-001021,2023-06-01,2024-12-31
M-001022,2023-06-01,2024-12-31
M-001023,2023-06-01,2024-12-31
M-001024,2023-06-01,2024-12-31
M-001025,2024-01-01,2024-03-15
M-001025,2024-07-01,2024-12-31
M-001026,2023-06-01,2024-12-31
M-001027,2023-06-01,2024-12-31
M-001028,2023-06-01,2024-12-31
M-001029,2023-06-01,2024-12-31
M-001030,2023-06-01,2024-12-31
M-001031,2023-06-01,2024-12-31
M-001032,2023-06-01,2024-12-31
M-001033,2023-06-01,2024-12-31
M-001034,2023-06-01,2024-12-31
M-001035,2023-06-01,2024-12-31
M-001036,2023-06-01,2024-12-31
M-001037,2023-06-01,2024-12-31
M-001038,2023-06-01,2024-12-31
M-001039,2024-01-01,2024-03-15
M-001039,2024-07-01,2024-12-31
M-001040,2023-06-01,2024-12-31
M-001041,2023-06-01,2024-12-31
M-001042,2024-01-01,2024-03-15
M-001042,2024-07-01,2024-12-31
M-001043,2023-06-01,2024-12-31
M-001044,2023-06-01,2024-12-31
M-001045,2023-06-01,2024-12-31
M-001046,2023-06-01,2024-12-31
M-001047,2023-06-01,2024-12-31
M-001048,2023-06-01,2024-12-31
M-001049,2023-06-01,2024-12-31
M-001050,2023-06-01,2024-12-31
M-001051,2023-06-01,2024-12-31
M-001052,2023-06-01,2024-12-31
M-001053,2024-01-01,2024-03-15
M-001053,2024-07-01,2024-12-31
M-001054,2023-06-01,2024-12-31
M-001055,2023-06-01,2024-12-31
M-001056,2023-06-01,2024-12-31
M-001057,2023-06-01,2024-12-31
M-001058,2024-01-01,2024-03-15
M-001058,2024-07-01,2024-12-31
M-001059,2024-01-01,2024-03-15
M-001059,2024-07-01,2024-12-31
M-001060,2023-06-01,2024-12-31
M-001061,2023-06-01,2024-12-31
M-001062,2023-06-01,2024-12-31
M-001063,2023-06-01,2024-12-31
M-001064,2024-01-01,2024-03-15
M-001064,2024-07-01,2024-12-31
M-001065,2023-06-01,2024-12-31
M-001066,2024-01-01,2024-03-15
M-001066,2024-07-01,2024-12-31
M-001067,2023-06-01,2024-12-31
M-001068,2023-06-01,2024-12-31
M-001069,2023-06-01,2024-12-31
M-001070,2023-06-01,2024-12-31
M-001071,2023-06-01,2024-12-31
M-001072,2023-06-01,2024-12-31
M-001073,2023-06-01,2024-12-31
M-001074,2023-06-01,2024-12-31
M-001075,2023-06-01,2024-12-31
M-001076,2023-06-01,2024-12-31
M-001077,2023-06-01,2024-12-31
M-001078,2023-06-01,2024-12-31
M-001079,2023-06-01,2024-12-31
M-001080,2023-06-01,2024-12-31
M-001081,2023-06-01,2024-12-31
M-001082,2023-06-01,2024-12-31
M-001083,2023-06-01,2024-12-31
M-001084,2023-06-01,2024-12-31
M-001085,2023-06-01,2024-12-31
M-001086,2023-06-01,2024-12-31
M-001087,2023-06-01,2024-12-31
M-001088,2024-01-01,2024-03-15
M-001088,2024-07-01,2024-12-31
M-001089,2023-06-01,2024-12-31
M-001090,2023-06-01,2024-12-31
M-001091,2023-06-01,2024-12-31
M-001092,2023-06-01,2024-12-31
M-001093,2023-06-01,2024-12-31
M-001094,2024-01-01,2024-03-15
M-001094,2024-07-01,2024-12-31
M-001095,2023-06-01,2024-12-31
M-001096,2023-06-01,2024-12-31
M-001097,2023-06-01,2024-12-31
M-001098,2023-06-01,2024-12-31
M-001099,2023-06-01,2024-12-31
M-001100,2024-01-01,2024-03-15
M-001100,2024-07-01,2024-12-31
M-001101,2024-01-01,2024-03-15
M-001101,2024-07-01,2024-12-31
M-001102,2023-06-01,2024-12-31
M-001103,2023-06-01,2024-12-31
M-001104,2024-01-01,2024-03-15
M-001104,2024-07-01,2024-12-31
M-001105,2023-06-01,2024-12-31
M-001106,2023-06-01,2024-12-31
M-001107,2023-06-01,2024-12-31
M-001108,2023-06-01,2024-12-31
M-001109,2023-06-01,2024-12-31
M-001110,2023-06-01,2024-12-31
M-001111,2024-01-01,2024-03-15
M-001111,2024-07-01,2024-12-31
M-001112,2023-06-01,2024-12-31
M-001113,2023-06-01,2024-12-31
M-001114,2024-01-01,2024-03-15
M-001114,2024-07-01,2024-12-31
M-001115,2024-01-01,2024-03-15
M-001115,2024-07-01,2024-12-31
M-001116,2023-06-01,2024-12-31
M-001117,2023-06-01,2024-12-31
M-001118,2023-06-01,2024-12-31
M-001119,2023-06-01,2024-12-31
M-001120,2023-06-01,2024-12-31
M-001121,2023-06-01,2024-12-31
M-001122,2023-06-01,2024-12-31
M-001123,2024-01-01,2024-03-15
M-001123,2024-07-01,2024-12-31
M-001124,2023-06-01,2024-12-31
M-001125,2023-06-01,2024-12-31
M-001126,2024-01-01,2024-03-15
M-001126,2024-07-01,2024-12-31
M-001127,2023-06-01,2024-12-31
M-001128,2023-06-01,2024-12-31
M-001129,2023-06-01,2024-12-31
M-001130,2023-06-01,2024-12-31
M-001131,2023-06-01,2024-12-31
M-001132,2024-01-01,2024-03-15
M-001132,2024-07-01,2024-12-31
M-001133,2023-06-01,2024-12-31
M-001134,2023-06-01,2024-12-31
M-001135,2023-06-01,2024-12-31
M-001136,2023-06-01,2024-12-31
M-001137,2023-06-01,2024-12-31
M-001138,2023-06-01,2024-12-31
M-001139,2024-01-01,2024-03-15
M-001139,2024-07-01,2024-12-31
M-001140,2023-06-01,2024-12-31
M-001141,2023-06-01,2024-12-31
M-001142,2023-06-01,2024-12-31
M-001143,2024-01-01,2024-03-15
M-001143,2024-07-01,2024-12-31
M-001144,2023-06-01,2024-12-31
M-001145,2023-06-01,2024-12-31
M-001146,2023-06-01,2024-12-31
M-001147,2023-06-01,2024-12-31
M-001148,2023-06-01,2024-12-31
M-001149,2023-06-01,2024-12-31
M-001150,2023-06-01,2024-12-31
M-001151,2024-01-01,2024-03-15
M-001151,2024-07-01,2024-12-31
M-001152,2024-01-01,2024-03-15
M-001152,2024-07-01,2024-12-31
M-001153,2023-06-01,2024-12-31
M-001154,2023-06-01,2024-12-31
M-001155,2023-06-01,2024-12-31
M-001156,2023-06-01,2024-12-31
M-001157,2024-01-01,2024-03-15
M-001157,2024-07-01,2024-12-31
M-001158,2023-06-01,2024-12-31
M-001159,2023-06-01,2024-12-31
M-001160,2023-06-01,2024-12-31
M-001161,2023-06-01,2024-12-31
M-001162,2023-06-01,2024-12-31
M-001163,2023-06-01,2024-12-31
M-001164,2024-01-01,2024-03-15
M-001164,2024-07-01,2024-12-31
M-001165,2023-06-01,2024-12-31
M-001166,2023-06-01,2024-12-31
M-001167,2023-06-01,2024-12-31
M-001168,2023-06-01,2024-12-31
M-001169,2023-06-01,2024-12-31
M-001170,2023-06-01,2024-12-31
M-001171,2024-01-01,2024-03-15
M-001171,2024-07-01,2024-12-31
M-001172,2023-06-01,2024-12-31
M-001173,2023-06-01,2024-12-31
M-001174,2023-06-01,2024-12-31
M-001175,2023-06-01,2024-12-31
M-001176,2023-06-01,2024-12-31
M-001177,2023-06-01,2024-12-31
M-001178,2023-06-01,2024-12-31
M-001179,2023-06-01,2024-12-31
M-001180,2023-06-01,2024-12-31
M-001181,2024-01-01,2024-03-15
M-001181,2024-07-01,2024-12-31
M-001182,2023-06-01,2024-12-31
M-001183,2023-06-01,2024-12-31
M-001184,2023-06-01,2024-12-31
M-001185,2024-01-01,2024-03-15
M-001185,2024-07-01,2024-12-31
M-001186,2023-06-01,2024-12-31
M-001187,2023-06-01,2024-12-31
M-001188,2023-06-01,2024-12-31
M-001189,2023-06-01,2024-12-31
M-001190,2023-06-01,2024-12-31
M-001191,2023-06-01,2024-12-31
M-001192,2024-01-01,2024-03-15
M-001192,2024-07-01,2024-12-31
M-001193,2023-06-01,2024-12-31
M-001194,2023-06-01,2024-12-31
M-001195,2023-06-01,2024-12-31
M-001196,2023-06-01,2024-12-31
M-001197,2023-06-01,2024-12-31
M-001198,2023-06-01,2024-12-31
M-001199,2023-06-01,2024-12-31
M-001200,2023-06-01,2024-12-31
