rx_id,member_id,fill_date,ndc,days_supply
RX-000001,M-000006,2024-08-20,00093-7201-01,30
RX-000002,M-000013,2024-03-06,00093-7201-01,30
RX-000003,M-000014,2024-11-14,00093-7201-01,30
RX-000004,M-000020,2024-03-27,00093-7201-01,30
RX-000005,M-000021,2024-03-22,00093-7201-01,30
RX-000006,M-000024,2024-03-20,00093-7201-01,30
RX-000007,M-000025,2024-07-07,00093-7201-01,30
RX-000008,M-000028,2024-02-11,00093-7201-01,30
RX-000009,M-000032,2024-07-13,00093-7201-01,30
RX-000010,M-000038,2024-03-21,00093-7201-01,30
RX-000011,M-000040,2024-07-18,00093-7201-01,30
RX-000012,M-000042,2024-04-03,00093-7201-01,30
RX-000013,M-000045,2024-01-01,00093-7201-01,30
RX-000014,M-000047,2024-07-09,00093-7201-01,30
RX-000015,M-000049,2024-10-20,00093-7201-01,30
RX-000016,M-000051,2024-12-15,00093-7201-01,30
RX-000017,M-000052,2024-05-16,00093-7201-01,30
RX-000018,M-000055,2024-03-07,00093-7201-01,30
RX-000019,M-000059,2024-08-25,00093-7201-01,30
RX-000020,M-000060,2024-12-19,00093-7201-01,30
RX-000021,M-000061,2024-04-23,00093-7201-01,30
RX-000022,M-000063,2024-07-14,00093-7201-01,30
RX-000023,M-000066,2024-02-28,00093-7201-01,30
RX-000024,M-000070,2024-05-27,00093-7201-01,30
RX-000025,M-000072,2024-06-07,00093-7201-01,30
RX-000026,M-000075,2024-01-04,00093-7201-01,30
RX-000027,M-000076,2024-06-26,00093-7201-01,30
RX-000028,M-000077,2024-03-21,00093-7201-01,30
RX-000029,M-000081,2024-10-01,00093-7201-01,30
RX-000030,M-000082,2024-08-10,00093-7201-01,30
RX-000031,M-000084,2024-04-03,00093-7201-01,30
RX-000032,M-000087,2024-12-10,00093-7201-01,30
RX-000033,M-000088,2024-12-24,00093-7201-01,30
RX-000034,M-000091,2024-12-27,00093-7201-01,30
RX-000035,M-000100,2024-06-20,00093-7201-01,30
RX-000036,M-000107,2024-08-13,00093-7201-01,30
RX-000037,M-000109,2024-12-12,00093-7201-01,30
RX-000038,M-000110,2024-10-07,00093-7201-01,30
RX-000039,M-000111,2024-09-06,00093-7201-01,30
RX-000040,M-000117,2024-10-05,00093-7201-01,30
RX-000041,M-000120,2024-07-05,00093-7201-01,30
RX-000042,M-000121,2024-05-05,00093-7201-01,30
RX-000043,M-000122,2024-04-04,00093-7201-01,30
RX-000044,M-000123,2024-12-25,00093-7201-01,30
RX-000045,M-000124,2024-09-19,00093-7201-01,30
RX-000046,M-000125,2024-07-15,00093-7201-01,30
RX-000047,M-000126,2024-02-16,00093-7201-01,30
RX-000048,M-000128,2024-11-10,00093-7201-01,30
RX-000049,M-000130,2024-04-27,00093-7201-01,30
RX-000050,M-000131,2024-07-02,00093-7201-01,30
RX-000051,M-000133,2024-03-11,00093-7201-01,30
RX-000052,M-000140,2024-10-15,00093-7201-01,30
RX-000053,M-000141,2024-11-19,00093-7201-01,30
RX-000054,M-000142,2024-12-07,00093-7201-01,30
RX-000055,M-000144,2024-04-11,00093-7201-01,30
RX-000056,M-000148,2024-12-18,00093-7201-01,30
RX-000057,M-000149,2024-04-13,00093-7201-01,30
RX-000058,M-000155,2024-09-28,00093-7201-01,30
RX-000059,M-000162,2024-08-03,00093-7201-01,30
RX-000060,M-000163,2024-03-16,00093-7201-01,30
RX-000061,M-000164,2024-12-05,00093-7201-01,30
RX-000062,M-000168,2024-11-14,00093-7201-01,30
RX-000063,M-000171,2024-06-14,00093-7201-01,30
RX-000064,M-000175,2024-03-19,00093-7201-01,30
RX-000065,M-000177,2024-02-13,00093-7201-01,30
RX-000066,M-000180,2024-06-05,00093-7201-01,30
RX-000067,M-000182,2024-07-04,00093-7201-01,30
RX-000068,M-000184,2024-11-26,00093-7201-01,30
RX-000069,M-000186,2024-09-16,00093-7201-01,30
RX-000070,M-000197,2024-10-03,00093-7201-01,30
RX-000071,M-000198,2024-06-10,00093-7201-01,30
RX-000072,M-000202,2024-08-22,00093-7201-01,30
RX-000073,M-000203,2024-01-08,00093-7201-01,30
RX-000074,M-000205,2024-05-26,00093-7201-01,30
RX-000075,M-000206,2024-10-08,00093-7201-01,30
RX-000076,M-000210,2024-11-08,00093-7201-01,30
RX-000077,M-000211,2024-05-02,00093-7201-01,30
RX-000078,M-000212,2024-04-17,00093-7201-01,30
RX-000079,M-000213,2024-07-23,00093-7201-01,30
RX-000080,M-000214,2024-07-16,00093-7201-01,30
RX-000081,M-000216,2024-08-01,00093-7201-01,30
RX-000082,M-000217,2024-06-27,00093-7201-01,30
RX-000083,M-000219,2024-06-14,00093-7201-01,30
RX-000084,M-000220,2024-07-28,00093-7201-01,30
RX-000085,M-000221,2024-05-23,00093-7201-01,30
RX-000086,M-000223,2024-04-13,00093-7201-01,30
RX-000087,M-000227,2024-05-12,00093-7201-01,30
RX-000088,M-000228,2024-06-16,00093-7201-01,30
RX-000089,M-000234,2024-07-07,00093-7201-01,30
RX-000090,M-000235,2024-01-25,00093-7201-01,30
RX-000091,M-000236,2024-04-09,00093-7201-01,30
RX-000092,M-000240,2024-12-25,00093-7201-01,30
RX-000093,M-000243,2024-02-23,00093-7201-01,30
RX-000094,M-000244,2024-01-24,00093-7201-01,30
RX-000095,M-000246,2024-01-20,00093-7201-01,30
RX-000096,M-000251,2024-04-27,00093-7201-01,30
RX-000097,M-000252,2024-07-07,00093-7201-01,30
RX-000098,M-000254,2024-04-18,00093-7201-01,30
RX-000099,M-000255,2024-11-16,00093-7201-01,30
RX-000100,M-000261,2024-11-26,00093-7201-01,30
RX-000101,M-000263,2024-01-23,00093-7201-01,30
RX-000102,M-000276,2024-01-04,00093-7201-01,30
RX-000103,M-000278,2024-03-22,00093-7201-01,30
RX-000104,M-000279,2024-02-27,00093-7201-01,30
RX-000105,M-000281,2024-05-28,00093-7201-01,30
RX-000106,M-000282,2024-08-25,00093-7201-01,30
RX-000107,M-000285,2024-03-12,00093-7201-01,30
RX-000108,M-000286,2024-06-28,00093-7201-01,30
RX-000109,M-000287,2024-09-03,00093-7201-01,30
RX-000110,M-000289,2024-10-20,00093-7201-01,30
RX-000111,M-000295,2024-03-19,00093-7201-01,30
RX-000112,M-000302,2024-06-09,00093-7201-01,30
RX-000113,M-000303,2024-05-13,00093-7201-01,30
RX-000114,M-000313,2024-03-01,00093-7201-01,30
RX-000115,M-000316,2024-08-25,00093-7201-01,30
RX-000116,M-000318,2024-05-08,00093-7201-01,30
RX-000117,M-000319,2024-03-03,00093-7201-01,30
RX-000118,M-000320,2024-10-20,00093-7201-01,30
RX-000119,M-000322,2024-04-26,00093-7201-01,30
RX-000120,M-000323,2024-09-05,00093-7201-01,30
RX-000121,M-000324,2024-09-17,00093-7201-01,30
RX-000122,M-000325,2024-05-09,00093-7201-01,30
RX-000123,M-000329,2024-06-14,00093-7201-01,30
RX-000124,M-000330,2024-10-03,00093-7201-01,30
RX-000125,M-000332,2024-09-25,00093-7201-01,30
RX-000126,M-000333,2024-03-28,00093-7201-01,30
RX-000127,M-000335,2024-10-08,00093-7201-01,30
RX-000128,M-000338,2024-02-11,00093-7201-01,30
RX-000129,M-000341,2024-03-04,00093-7201-01,30
RX-000130,M-000345,2024-03-02,00093-7201-01,30
RX-000131,M-000346,2024-09-08,00093-7201-01,30
RX-000132,M-000347,2024-10-06,00093-7201-01,30
RX-000133,M-000349,2024-06-06,00093-7201-01,30
RX-000134,M-000350,2024-07-03,00093-7201-01,30
RX-000135,M-000354,2024-05-26,00093-7201-01,30
RX-000136,M-000355,2024-01-24,00093-7201-01,30
RX-000137,M-000357,2024-11-28,00093-7201-01,30
RX-000138,M-000358,2024-11-18,00093-7201-01,30
RX-000139,M-000363,2024-11-28,00093-7201-01,30
RX-000140,M-000364,2024-09-05,00093-7201-01,30
RX-000141,M-000365,2024-10-08,00093-7201-01,30
RX-000142,M-000366,2024-09-21,00093-7201-01,30
RX-000143,M-000367,2024-01-06,00093-7201-01,30
RX-000144,M-000371,2024-07-04,00093-7201-01,30
RX-000145,M-000376,2024-03-16,00093-7201-01,30
RX-000146,M-000378,2024-01-22,00093-7201-01,30
RX-000147,M-000380,2024-05-13,00093-7201-01,30
RX-000148,M-000381,2024-01-19,00093-7201-01,30
RX-000149,M-000382,2024-09-28,00093-7201-01,30
RX-000150,M-000385,2024-06-14,00093-7201-01,30
RX-000151,M-000389,2024-02-22,00093-7201-01,30
RX-000152,M-000392,2024-09-12,00093-7201-01,30
RX-000153,M-000393,2024-09-14,00093-7201-01,30
RX-000154,M-000394,2024-07-01,00093-7201-01,30
RX-000155,M-000395,2024-04-06,00093-7201-01,30
RX-000156,M-000396,2024-11-18,00093-7201-01,30
RX-000157,M-000401,2024-02-18,00093-7201-01,30
RX-000158,M-000402,2024-10-27,00093-7201-01,30
RX-000159,M-000403,2024-07-12,00093-7201-01,30
RX-000160,M-000404,2024-10-13,00093-7201-01,30
RX-000161,M-000408,2024-10-24,00093-7201-01,30
RX-000162,M-000410,2024-10-26,00093-7201-01,30
RX-000163,M-000411,2024-07-17,00093-7201-01,30
RX-000164,M-000413,2024-06-15,00093-7201-01,30
RX-000165,M-000415,2024-11-10,00093-7201-01,30
RX-000166,M-000418,2024-04-18,00093-7201-01,30
RX-000167,M-000419,2024-07-15,00093-7201-01,30
RX-000168,M-000420,2024-08-09,00093-7201-01,30
RX-000169,M-000421,2024-08-14,00093-7201-01,30
RX-000170,M-000422,2024-05-03,00093-7201-01,30
RX-000171,M-000424,2024-11-03,00093-7201-01,30
RX-000172,M-000426,2024-05-27,00093-7201-01,30
RX-000173,M-000427,2024-06-11,00093-7201-01,30
RX-000174,M-000429,2024-11-13,00093-7201-01,30
RX-000175,M-000431,2024-04-26,00093-7201-01,30
RX-000176,M-000434,2024-03-02,00093-7201-01,30
RX-000177,M-000438,2024-04-03,00093-7201-01,30
RX-000178,M-000439,2024-06-11,00093-7201-01,30
RX-000179,M-000440,2024-09-05,00093-7201-01,30
RX-000180,M-000442,2024-10-22,00093-7201-01,30
RX-000181,M-000447,2024-06-20,00093-7201-01,30
RX-000182,M-000451,2024-02-05,00093-7201-01,30
RX-000183,M-000452,2024-10-14,00093-7201-01,30
RX-000184,M-000453,2024-03-13,00093-7201-01,30
RX-000185,M-000454,2024-12-18,00093-7201-01,30
RX-000186,M-000455,2024-10-12,00093-7201-01,30
RX-000187,M-000457,2024-10-20,00093-7201-01,30
RX-000188,M-000458,2024-03-23,00093-7201-01,30
RX-000189,M-000459,2024-06-10,00093-7201-01,30
RX-000190,M-000460,2024-06-21,00093-7201-01,30
RX-000191,M-000466,2024-04-24,00093-7201-01,30
RX-000192,M-000468,2024-05-13,00093-7201-01,30
RX-000193,M-000470,2024-12-16,00093-7201-01,30
RX-000194,M-000472,2024-06-15,00093-7201-01,30
RX-000195,M-000474,2024-10-18,00093-7201-01,30
RX-000196,M-000476,2024-01-13,00093-7201-01,30
RX-000197,M-000478,2024-12-12,00093-7201-01,30
RX-000198,M-000483,2024-04-04,00093-7201-01,30
RX-000199,M-000486,2024-04-28,00093-7201-01,30
RX-000200,M-000487,2024-07-02,00093-7201-01,30
RX-000201,M-000488,2024-06-07,00093-7201-01,30
RX-000202,M-000489,2024-09-01,00093-7201-01,30
RX-000203,M-000491,2024-09-11,00093-7201-01,30
RX-000204,M-000492,2024-06-01,00093-7201-01,30
RX-000205,M-000497,2024-04-10,00093-7201-01,30
RX-000206,M-000499,2024-11-07,00093-7201-01,30
RX-000207,M-000501,2024-02-07,00093-7201-01,30
RX-000208,M-000502,2024-04-25,00093-7201-01,30
RX-000209,M-000511,2024-05-08,00093-7201-01,30
RX-000210,M-000516,2024-10-04,00093-7201-01,30
RX-000211,M-000518,2024-12-02,00093-7201-01,30
RX-000212,M-000523,2024-04-28,00093-7201-01,30
RX-000213,M-000524,2024-08-13,00093-7201-01,30
RX-000214,M-000528,2024-05-10,00093-7201-01,30
RX-000215,M-000531,2024-10-11,00093-7201-01,30
RX-000216,M-000533,2024-04-17,00093-7201-01,30
RX-000217,M-000535,2024-07-02,00093-7201-01,30
RX-000218,M-000536,2024-06-17,00093-7201-01,30
RX-000219,M-000537,2024-03-24,00093-7201-01,30
RX-000220,M-000540,2024-02-25,00093-7201-01,30
RX-000221,M-000541,2024-11-25,00093-7201-01,30
RX-000222,M-000543,2024-10-10,00093-7201-01,30
RX-000223,M-000546,2024-12-23,00093-7201-01,30
RX-000224,M-000547,2024-10-10,00093-7201-01,30
RX-000225,M-000548,2024-01-21,00093-7201-01,30
RX-000226,M-000551,2024-01-15,00093-7201-01,30
RX-000227,M-000552,2024-04-21,00093-7201-01,30
RX-000228,M-000554,2024-12-21,00093-7201-01,30
RX-000229,M-000558,2024-10-05,00093-7201-01,30
RX-000230,M-000559,2024-01-22,00093-7201-01,30
RX-000231,M-000566,2024-06-07,00093-7201-01,30
RX-000232,M-000568,2024-03-24,00093-7201-01,30
RX-000233,M-000569,2024-09-20,00093-7201-01,30
RX-000234,M-000570,2024-08-21,00093-7201-01,30
RX-000235,M-000576,2024-04-19,00093-7201-01,30
RX-000236,M-000580,2024-05-20,00093-7201-01,30
RX-000237,M-000582,2024-12-21,00093-7201-01,30
RX-000238,M-000585,2024-01-07,00093-7201-01,30
RX-000239,M-000589,2024-10-20,00093-7201-01,30
RX-000240,M-000590,2024-11-01,00093-7201-01,30
RX-000241,M-000595,2024-06-12,00093-7201-01,30
RX-000242,M-000599,2024-07-20,00093-7201-01,30
RX-000243,M-000601,2024-12-11,00093-7201-01,30
RX-000244,M-000602,2024-12-11,00093-7201-01,30
RX-000245,M-000607,2024-06-10,00093-7201-01,30
RX-000246,M-000608,2024-01-20,00093-7201-01,30
RX-000247,M-000609,2024-09-06,00093-7201-01,30
RX-000248,M-000612,2024-03-02,00093-7201-01,30
RX-000249,M-000613,2024-03-13,00093-7201-01,30
RX-000250,M-000615,2024-02-01,00093-7201-01,30
RX-000251,M-000616,2024-10-25,00093-7201-01,30
RX-000252,M-000620,2024-06-27,00093-7201-01,30
RX-000253,M-000621,2024-03-12,00093-7201-01,30
RX-000254,M-000627,2024-11-03,00093-7201-01,30
RX-000255,M-000628,2024-12-23,00093-7201-01,30
RX-000256,M-000631,2024-04-11,00093-7201-01,30
RX-000257,M-000638,2024-03-09,00093-7201-01,30
RX-000258,M-000642,2024-01-17,00093-7201-01,30
RX-000259,M-000643,2024-06-16,00093-7201-01,30
RX-000260,M-000647,2024-02-10,00093-7201-01,30
RX-000261,M-000651,2024-12-13,00093-7201-01,30
RX-000262,M-000652,2024-01-08,00093-7201-01,30
RX-000263,M-000655,2024-07-17,00093-7201-01,30
RX-000264,M-000658,2024-06-01,00093-7201-01,30
RX-000265,M-000662,2024-08-17,00093-7201-01,30
RX-000266,M-000663,2024-09-12,00093-7201-01,30
RX-000267,M-000664,2024-06-07,00093-7201-01,30
RX-000268,M-000666,2024-09-04,00093-7201-01,30
RX-000269,M-000672,2024-11-11,00093-7201-01,30
RX-000270,M-000673,2024-02-01,00093-7201-01,30
RX-000271,M-000674,2024-08-04,00093-7201-01,30
RX-000272,M-000675,2024-12-02,00093-7201-01,30
RX-000273,M-000677,2024-11-25,00093-7201-01,30
RX-000274,M-000678,2024-01-04,00093-7201-01,30
RX-000275,M-000682,2024-10-17,00093-7201-01,30
RX-000276,M-000684,2024-02-04,00093-7201-01,30
RX-000277,M-000685,2024-11-06,00093-7201-01,30
RX-000278,M-000686,2024-12-12,00093-7201-01,30
RX-000279,M-000687,2024-08-16,00093-7201-01,30
RX-000280,M-000688,2024-03-02,00093-7201-01,30
RX-000281,M-000690,2024-10-01,00093-7201-01,30
RX-000282,M-000691,2024-03-12,00093-7201-01,30
RX-000283,M-000693,2024-02-21,00093-7201-01,30
RX-000284,M-000694,2024-07-06,00093-7201-01,30
RX-000285,M-000695,2024-03-19,00093-7201-01,30
RX-000286,M-000696,2024-09-27,00093-7201-01,30
RX-000287,M-000697,2024-07-23,00093-7201-01,30
RX-000288,M-000700,2024-05-09,00093-7201-01,30
RX-000289,M-000704,2024-09-13,00093-7201-01,30
RX-000290,M-000705,2024-05-23,00093-7201-01,30
RX-000291,M-000706,2024-02-03,00093-7201-01,30
RX-000292,M-000708,2024-12-09,00093-7201-01,30
RX-000293,M-000713,2024-11-06,00093-7201-01,30
RX-000294,M-000716,2024-07-27,00093-7201-01,30
RX-000295,M-000717,2024-09-14,00093-7201-01,30
RX-000296,M-000718,2024-08-08,00093-7201-01,30
RX-000297,M-000725,2024-08-08,00093-7201-01,30
RX-000298,M-000727,2024-08-23,00093-7201-01,30
RX-000299,M-000728,2024-06-01,00093-7201-01,30
RX-000300,M-000732,2024-10-20,00093-7201-01,30
RX-000301,M-000736,2024-04-23,00093-7201-01,30
RX-000302,M-000737,2024-06-15,00093-7201-01,30
RX-000303,M-000738,2024-09-27,00093-7201-01,30
RX-000304,M-000740,2024-02-21,00093-7201-01,30
RX-000305,M-000741,2024-10-27,00093-7201-01,30
RX-000306,M-000742,2024-12-25,00093-7201-01,30
RX-000307,M-000743,2024-10-04,00093-7201-01,30
RX-000308,M-000744,2024-08-01,00093-7201-01,30
RX-000309,M-000747,2024-10-03,00093-7201-01,30
RX-000310,M-000750,2024-11-10,00093-7201-01,30
RX-000311,M-000752,2024-09-12,00093-7201-01,30
RX-000312,M-000753,2024-02-26,00093-7201-01,30
RX-000313,M-000754,2024-03-10,00093-7201-01,30
RX-000314,M-000757,2024-02-23,00093-7201-01,30
RX-000315,M-000767,2024-06-04,00093-7201-01,30
RX-000316,M-000771,2024-06-10,00093-7201-01,30
RX-000317,M-000774,2024-05-12,00093-7201-01,30
RX-000318,M-000778,2024-02-22,00093-7201-01,30
RX-000319,M-000779,2024-04-06,00093-7201-01,30
RX-000320,M-000781,2024-10-01,00093-7201-01,30
RX-000321,M-000786,2024-01-27,00093-7201-01,30
RX-000322,M-000791,2024-11-19,00093-7201-01,30
RX-000323,M-000792,2024-07-26,00093-7201-01,30
RX-000324,M-000794,2024-02-17,00093-7201-01,30
RX-000325,M-000795,2024-08-24,00093-7201-01,30
RX-000326,M-000796,2024-11-25,00093-7201-01,30
RX-000327,M-000798,2024-07-27,00093-7201-01,30
RX-000328,M-000802,2024-09-02,00093-7201-01,30
RX-000329,M-000810,2024-01-12,00093-7201-01,30
RX-000330,M-000812,2024-05-04,00093-7201-01,30
RX-000331,M-000813,2024-03-10,00093-7201-01,30
RX-000332,M-000814,2024-10-06,00093-7201-01,30
RX-000333,M-000819,2024-08-28,00093-7201-01,30
RX-000334,M-000820,2024-09-11,00093-7201-01,30
RX-000335,M-000822,2024-01-06,00093-7201-01,30
RX-000336,M-000825,2024-01-04,00093-7201-01,30
RX-000337,M-000826,2024-06-28,00093-7201-01,30
RX-000338,M-000827,2024-01-14,00093-7201-01,30
RX-000339,M-000829,2024-04-16,00093-7201-01,30
RX-000340,M-000832,2024-12-26,00093-7201-01,30
RX-000341,M-000838,2024-08-13,00093-7201-01,30
RX-000342,M-000840,2024-06-10,00093-7201-01,30
RX-000343,M-000847,2024-03-18,00093-7201-01,30
RX-000344,M-000856,2024-12-11,00093-7201-01,30
RX-000345,M-000857,2024-04-09,00093-7201-01,30
RX-000346,M-000858,2024-05-11,00093-7201-01,30
RX-000347,M-000859,2024-04-06,00093-7201-01,30
RX-000348,M-000861,2024-11-03,00093-7201-01,30
RX-000349,M-000863,2024-04-04,00093-7201-01,30
RX-000350,M-000865,2024-06-27,00093-7201-01,30
RX-000351,M-000866,2024-10-05,00093-7201-01,30
RX-000352,M-000872,2024-03-28,00093-7201-01,30
RX-000353,M-000873,2024-08-05,00093-7201-01,30
RX-000354,M-000874,2024-01-10,00093-7201-01,30
RX-000355,M-000875,2024-09-22,00093-7201-01,30
RX-000356,M-000878,2024-01-15,00093-7201-01,30
RX-000357,M-000883,2024-06-05,00093-7201-01,30
RX-000358,M-000885,2024-02-16,00093-7201-01,30
RX-000359,M-000886,2024-11-04,00093-7201-01,30
RX-000360,M-000888,2024-04-19,00093-7201-01,30
RX-000361,M-000889,2024-04-20,00093-7201-01,30
RX-000362,M-000891,2024-10-13,00093-7201-01,30
RX-000363,M-000892,2024-12-21,00093-7201-01,30
RX-000364,M-000893,2024-11-04,00093-7201-01,30
RX-000365,M-000895,2024-10-25,00093-7201-01,30
RX-000366,M-000899,2024-09-01,00093-7201-01,30
RX-000367,M-000902,2024-03-23,00093-7201-01,30
RX-000368,M-000905,2024-08-02,00093-7201-01,30
RX-000369,M-000909,2024-04-19,00093-7201-01,30
RX-000370,M-000912,2024-09-14,00093-7201-01,30
RX-000371,M-000916,2024-09-18,00093-7201-01,30
RX-000372,M-000919,2024-01-11,00093-7201-01,30
RX-000373,M-000922,2024-09-04,00093-7201-01,30
RX-000374,M-000923,2024-10-02,00093-7201-01,30
RX-000375,M-000927,2024-09-20,00093-7201-01,30
RX-000376,M-000929,2024-06-24,00093-7201-01,30
RX-000377,M-000930,2024-09-18,00093-7201-01,30
RX-000378,M-000932,2024-06-25,00093-7201-01,30
RX-000379,M-000934,2024-10-27,00093-7201-01,30
RX-000380,M-000935,2024-12-15,00093-7201-01,30
RX-000381,M-000936,2024-04-18,00093-7201-01,30
RX-000382,M-000939,2024-11-17,00093-7201-01,30
RX-000383,M-000946,2024-10-26,00093-7201-01,30
RX-000384,M-000948,2024-02-06,00093-7201-01,30
RX-000385,M-000949,2024-03-06,00093-7201-01,30
RX-000386,M-000951,2024-08-09,00093-7201-01,30
RX-000387,M-000952,2024-03-17,00093-7201-01,30
RX-000388,M-000953,2024-02-11,00093-7201-01,30
RX-000389,M-000957,2024-08-24,00093-7201-01,30
RX-000390,M-000958,2024-02-27,00093-7201-01,30
RX-000391,M-000962,2024-07-10,00093-7201-01,30
RX-000392,M-000963,2024-04-13,00093-7201-01,30
RX-000393,M-000964,2024-11-01,00093-7201-01,30
RX-000394,M-000965,2024-06-08,00093-7201-01,30
RX-000395,M-000968,2024-03-09,00093-7201-01,30
RX-000396,M-000969,2024-01-15,00093-7201-01,30
RX-000397,M-000971,2024-01-26,00093-7201-01,30
RX-000398,M-000976,2024-06-10,00093-7201-01,30
RX-000399,M-000978,2024-11-08,00093-7201-01,30
RX-000400,M-000981,2024-08-15,00093-7201-01,30
RX-000401,M-000982,2024-05-10,00093-7201-01,30
RX-000402,M-000988,2024-10-06,00093-7201-01,30
RX-000403,M-000989,2024-02-27,00093-7201-01,30
RX-000404,M-000991,2024-11-04,00093-7201-01,30
RX-000405,M-000992,2024-05-09,00093-7201-01,30
RX-000406,M-000994,2024-10-05,00093-7201-01,30
RX-000407,M-001000,2024-10-10,00093-7201-01,30
RX-000408,M-001001,2024-03-18,00093-7201-01,30
RX-000409,M-001002,2024-10-25,00093-7201-01,30
RX-000410,M-001004,2024-01-15,00093-7201-01,30
RX-000411,M-001006,2024-05-23,00093-7201-01,30
RX-000412,M-001011,2024-01-19,00093-7201-01,30
RX-000413,M-001016,2024-04-22,00093-7201-01,30
RX-000414,M-001019,2024-01-23,00093-7201-01,30
RX-000415,M-001020,2024-05-09,00093-7201-01,30
RX-000416,M-001023,2024-02-04,00093-7201-01,30
RX-000417,M-001025,2024-10-13,00093-7201-01,30
RX-000418,M-001026,2024-09-03,00093-7201-01,30
RX-000419,M-001027,2024-03-28,00093-7201-01,30
RX-000420,M-001029,2024-08-21,00093-7201-01,30
RX-000421,M-001031,2024-05-10,00093-7201-01,30
RX-000422,M-001032,2024-12-17,00093-7201-01,30
RX-000423,M-001033,2024-02-14,00093-7201-01,30
RX-000424,M-001039,2024-01-05,00093-7201-01,30
RX-000425,M-001041,2024-04-24,00093-7201-01,30
RX-000426,M-001042,2024-02-27,00093-7201-01,30
RX-000427,M-001045,2024-01-19,00093-7201-01,30
RX-000428,M-001051,2024-08-20,00093-7201-01,30
RX-000429,M-001055,2024-09-12,00093-7201-01,30
RX-000430,M-001056,2024-02-02,00093-7201-01,30
RX-000431,M-001058,2024-11-02,00093-7201-01,30
RX-000432,M-001061,2024-02-13,00093-7201-01,30
RX-000433,M-001064,2024-05-27,00093-7201-01,30
RX-000434,M-001065,2024-03-15,00093-7201-01,30
RX-000435,M-001066,2024-08-13,00093-7201-01,30
RX-000436,M-001070,2024-07-10,00093-7201-01,30
RX-000437,M-001072,2024-07-24,00093-7201-01,30
RX-000438,M-001073,2024-06-06,00093-7201-01,30
RX-000439,M-001075,2024-07-27,00093-7201-01,30
RX-000440,M-001076,2024-06-28,00093-7201-01,30
RX-000441,M-001080,2024-02-10,00093-7201-01,30
RX-000442,M-001081,2024-11-07,00093-7201-01,30
RX-000443,M-001084,2024-01-16,00093-7201-01,30
RX-000444,M-001085,2024-06-25,00093-7201-01,30
RX-000445,M-001087,2024-08-16,00093-7201-01,30
RX-000446,M-001089,2024-02-09,00093-7201-01,30
RX-000447,M-001090,2024-08-19,00093-7201-01,30
RX-000448,M-001094,2024-12-28,00093-7201-01,30
RX-000449,M-001096,2024-11-12,00093-7201-01,30
RX-000450,M-001097,2024-11-06,00093-7201-01,30
RX-000451,M-001098,2024-04-07,00093-7201-01,30
RX-000452,M-001100,2024-02-23,00093-7201-01,30
RX-000453,M-001102,2024-10-07,00093-7201-01,30
RX-000454,M-001103,2024-12-07,00093-7201-01,30
RX-000455,M-001104,2024-01-12,00093-7201-01,30
RX-000456,M-001105,2024-07-06,00093-7201-01,30
RX-000457,M-001107,2024-03-09,00093-7201-01,30
RX-000458,M-001108,2024-10-12,00093-7201-01,30
RX-000459,M-001111,2024-01-01,00093-7201-01,30
RX-000460,M-001116,2024-04-06,00093-7201-01,30
RX-000461,M-001121,2024-09-28,00093-7201-01,30
RX-000462,M-001126,2024-09-18,00093-7201-01,30
RX-000463,M-001127,2024-11-13,00093-7201-01,30
RX-000464,M-001129,2024-11-12,00093-7201-01,30
RX-000465,M-001130,2024-05-12,00093-7201-01,30
RX-000466,M-001132,2024-11-20,00093-7201-01,30
RX-000467,M-001139,2024-05-28,00093-7201-01,30
RX-000468,M-001144,2024-01-12,00093-7201-01,30
RX-000469,M-001146,2024-11-03,00093-7201-01,30
RX-000470,M-001147,2024-09-08,00093-7201-01,30
RX-000471,M-001148,2024-05-19,00093-7201-01,30
RX-000472,M-001149,2024-09-01,00093-7201-01,30
RX-000473,M-001153,2024-06-08,00093-7201-01,30
RX-000474,M-001155,2024-01-03,00093-7201-01,30
RX-000475,M-001156,2024-03-17,00093-7201-01,30
RX-000476,M-001159,2024-04-15,00093-7201-01,30
RX-000477,M-001161,2024-06-12,00093-7201-01,30
RX-000478,M-001163,2024-10-06,00093-7201-01,30
RX-000479,M-001164,2024-07-15,00093-7201-01,30
RX-000480,M-001168,2024-01-23,00093-7201-01,30
RX-000481,M-001171,2024-08-26,00093-7201-01,30
RX-000482,M-001172,2024-08-28,00093-7201-01,30
RX-000483,M-001176,2024-03-18,00093-7201-01,30
RX-000484,M-001177,2024-08-22,00093-7201-01,30
RX-000485,M-001178,2024-12-11,00093-7201-01,30
RX-000486,M-001182,2024-04-26,00093-7201-01,30
RX-000487,M-001189,2024-01-09,00093-7201-01,30
RX-000488,M-001191,2024-12-05,00093-7201-01,30
RX-000489,M-001192,2024-09-02,00093-7201-01,30
RX-000490,M-001193,2024-11-22,00093-7201-01,30
RX-000491,M-001194,2024-06-03,00093-7201-01,30
RX-000492,M-001195,2024-04-05,00093-7201-01,30
RX-000493,M-001197,2024-09-16,00093-7201-01,30
RX-000494,M-001198,2024-05-27,00093-7201-01,30
