lab_id,member_id,loinc,result_date,systolic,diastolic
LAB-00001,M-000007,85354-9,2024-11-18,152,110
LAB-00002,M-000013,85354-9,2024-05-16,128,78
LAB-00003,M-000022,85354-9,2024-03-13,160,105
LAB-00004,M-000051,85354-9,2024-10-20,128,78
LAB-00005,M-000052,85354-9,2024-12-14,128,78
LAB-00006,M-000061,85354-9,2024-03-10,128,78
LAB-00007,M-000070,85354-9,2024-04-25,128,78
LAB-00008,M-000086,85354-9,2024-06-28,128,78
LAB-00009,M-000089,85354-9,2024-11-16,128,78
LAB-00010,M-000092,85354-9,2024-09-23,128,78
LAB-00011,M-000094,85354-9,2024-11-11,128,78
LAB-00012,M-000116,85354-9,2024-07-03,128,78
LAB-00013,M-000135,85354-9,2024-01-06,128,78
LAB-00014,M-000146,85354-9,2024-09-09,128,78
LAB-00015,M-000150,85354-9,2024-01-03,128,78
LAB-00016,M-000152,85354-9,2024-02-01,128,78
LAB-00017,M-000163,85354-9,2024-02-02,128,78
LAB-00018,M-000186,85354-9,2024-10-22,128,78
LAB-00019,M-000189,85354-9,2024-01-19,128,78
LAB-00020,M-000211,85354-9,2024-02-02,128,78
LAB-00021,M-000230,85354-9,2024-05-20,128,78
LAB-00022,M-000242,85354-9,2024-11-17,128,78
LAB-00023,M-000264,85354-9,2024-07-02,128,78
LAB-00024,M-000291,85354-9,2024-03-17,128,78
LAB-00025,M-000309,85354-9,2024-09-11,128,78
LAB-00026,M-000315,85354-9,2024-02-12,128,78
LAB-00027,M-000331,85354-9,2024-05-23,128,78
LAB-00028,M-000347,85354-9,2024-11-19,170,91
LAB-00029,M-000364,85354-9,2024-08-02,128,78
LAB-00030,M-000386,85354-9,2024-04-22,128,78
LAB-00031,M-000393,85354-9,2024-12-17,128,78
LAB-00032,M-000399,85354-9,2024-01-13,128,78
LAB-00033,M-000404,85354-9,2024-09-25,128,78
LAB-8821,M-000417,85354-9,2024-06-11,128,78
LAB-00035,M-000427,85354-9,2024-11-11,128,78
LAB-00036,M-000435,85354-9,2024-12-20,128,78
LAB-00037,M-000450,85354-9,2024-04-15,128,78
LAB-00038,M-000452,85354-9,2024-11-13,128,78
LAB-00039,M-000456,85354-9,2024-10-08,128,78
LAB-00040,M-000479,85354-9,2024-07-04,128,78
LAB-00041,M-000496,85354-9,2024-10-26,128,78
LAB-00042,M-000511,85354-9,2024-02-07,128,78
LAB-00043,M-000512,85354-9,2024-03-08,165,102
LAB-00044,M-000547,85354-9,2024-07-11,128,78
LAB-00045,M-000549,85354-9,2024-09-06,128,78
LAB-00046,M-000551,85354-9,2024-03-26,128,78
LAB-00047,M-000557,85354-9,2024-10-07,128,78
LAB-00048,M-000560,85354-9,2024-11-08,128,78
LAB-00049,M-000565,85354-9,2024-07-23,128,78
LAB-00050,M-000569,85354-9,2024-05-05,128,78
LAB-00051,M-000616,85354-9,2024-11-04,128,78
LAB-00052,M-000626,85354-9,2024-09-23,128,78
LAB-00053,M-000636,85354-9,2024-06-27,153,110
LAB-00054,M-000680,85354-9,2024-12-05,128,78
LAB-00055,M-000696,85354-9,2024-09-06,128,78
LAB-00056,M-000709,85354-9,2024-11-26,128,78
LAB-00057,M-000719,85354-9,2024-10-10,128,78
LAB-00058,M-000731,85354-9,2024-10-11,128,78
LAB-00059,M-000737,85354-9,2024-08-08,152,109
LAB-00060,M-000741,85354-9,2024-07-22,140,90
LAB-00061,M-000758,85354-9,2024-10-17,128,78
LAB-00062,M-000792,85354-9,2024-12-25,128,78
LAB-00063,M-000800,85354-9,2024-11-05,128,78
LAB-00064,M-000816,85354-9,2024-05-17,128,78
LAB-00065,M-000822,85354-9,2024-05-14,128,78
LAB-00066,M-000838,85354-9,2024-09-21,128,78
LAB-00067,M-000850,85354-9,2024-05-09,128,78
LAB-00068,M-000856,85354-9,2024-10-04,128,78
LAB-00069,M-000864,85354-9,2024-08-04,128,78
LAB-00070,M-000873,85354-9,2024-04-06,153,94
LAB-00071,M-000877,85354-9,2024-09-01,128,78
LAB-00072,M-000882,85354-9,2024-05-18,128,78
LAB-00073,M-000891,85354-9,2024-03-13,128,78
LAB-00074,M-000906,85354-9,2024-09-19,128,78
LAB-00075,M-000914,85354-9,2024-01-17,128,78
LAB-00076,M-000977,85354-9,2024-04-19,128,78
LAB-00077,M-000987,85354-9,2024-03-27,128,78
LAB-00078,M-001000,85354-9,2024-09-11,128,78
LAB-00079,M-001001,85354-9,2024-07-03,128,78
LAB-00080,M-001023,85354-9,2024-05-03,128,78
LAB-00081,M-001032,85354-9,2024-11-12,149,95
LAB-00082,M-001033,85354-9,2024-11-09,128,78
LAB-00083,M-001041,85354-9,2024-09-06,157,91
LAB-00084,M-001047,85354-9,2024-07-08,145,107
LAB-00085,M-001060,85354-9,2024-08-24,128,78
LAB-00086,M-001062,85354-9,2024-06-05,128,78
LAB-00087,M-001064,85354-9,2024-05-17,128,78
LAB-00088,M-001091,85354-9,2024-10-16,128,78
LAB-00089,M-001095,85354-9,2024-03-08,128,78
LAB-00090,M-001119,85354-9,2024-06-20,128,78
LAB-00091,M-001143,85354-9,2024-06-14,128,78
LAB-00092,M-001162,85354-9,2024-12-23,128,78
LAB-00093,M-001186,85354-9,2024-05-02,128,78
LAB-00094,M-001194,85354-9,2024-05-10,152,104
